dateTime;;Time;Value;
08-30-2021;;19:34:08;69;confidence:0}
08-30-2021;;19:46:54;69;confidence:0}
08-30-2021;;19:46:59;70;confidence:0}
08-30-2021;;19:47:20;70;confidence:0}
08-30-2021;;19:47:25;71;confidence:0}
08-30-2021;;19:47:35;72;confidence:1}
08-30-2021;;19:47:40;76;confidence:1}
08-30-2021;;19:47:45;79;confidence:1}
08-30-2021;;19:47:50;80;confidence:1}
08-30-2021;;19:47:55;83;confidence:1}
08-30-2021;;19:48:00;80;confidence:1}
08-30-2021;;19:48:05;73;confidence:1}
08-30-2021;;19:48:10;70;confidence:1}
08-30-2021;;19:48:15;70;confidence:2}
08-30-2021;;19:48:20;71;confidence:2}
08-30-2021;;19:48:30;70;confidence:1}
08-30-2021;;19:48:35;71;confidence:1}
08-30-2021;;19:48:40;73;confidence:1}
08-30-2021;;19:50:50;74;confidence:0}
08-30-2021;;19:50:55;66;confidence:0}
08-30-2021;;19:51:03;66;confidence:0}
08-30-2021;;19:51:13;63;confidence:0}
08-30-2021;;19:51:18;61;confidence:1}
08-30-2021;;19:51:23;73;confidence:1}
08-30-2021;;19:51:28;75;confidence:1}
08-30-2021;;19:51:33;79;confidence:1}
08-30-2021;;19:51:38;80;confidence:1}
08-30-2021;;19:51:43;78;confidence:1}
08-30-2021;;19:51:53;80;confidence:1}
08-30-2021;;19:51:58;79;confidence:1}
08-30-2021;;19:52:03;80;confidence:1}
08-30-2021;;19:52:08;80;confidence:3}
08-30-2021;;19:52:13;80;confidence:1}
08-30-2021;;19:52:18;82;confidence:1}
08-30-2021;;19:52:28;77;confidence:3}
08-30-2021;;19:52:33;74;confidence:1}
08-30-2021;;19:52:48;75;confidence:1}
08-30-2021;;19:53:03;76;confidence:1}
08-30-2021;;19:53:13;77;confidence:1}
08-30-2021;;19:53:28;74;confidence:1}
08-30-2021;;19:53:36;73;confidence:2}
08-30-2021;;19:53:41;72;confidence:0}
08-30-2021;;19:53:46;70;confidence:0}
08-30-2021;;19:53:56;77;confidence:2}
08-30-2021;;19:54:01;76;confidence:2}
08-30-2021;;19:54:06;75;confidence:2}
08-30-2021;;19:54:11;76;confidence:2}
08-30-2021;;19:54:21;75;confidence:2}
08-30-2021;;19:54:31;74;confidence:2}
08-30-2021;;19:54:36;73;confidence:2}
08-30-2021;;19:54:41;72;confidence:2}
08-30-2021;;19:54:51;73;confidence:2}
08-30-2021;;19:55:06;72;confidence:2}
08-30-2021;;19:55:11;71;confidence:2}
08-30-2021;;19:55:16;69;confidence:2}
08-30-2021;;19:55:21;68;confidence:2}
08-30-2021;;19:55:31;67;confidence:2}
08-30-2021;;19:55:36;69;confidence:1}
08-30-2021;;19:55:41;71;confidence:1}
08-30-2021;;19:55:46;70;confidence:1}
08-30-2021;;19:55:51;67;confidence:2}
08-30-2021;;19:56:06;67;confidence:2}
08-30-2021;;19:56:16;66;confidence:3}
08-30-2021;;19:56:26;68;confidence:2}
08-30-2021;;19:56:31;69;confidence:2}
08-30-2021;;19:56:46;70;confidence:2}
08-30-2021;;19:57:01;71;confidence:2}
08-30-2021;;19:57:06;71;confidence:2}
08-30-2021;;19:57:21;71;confidence:2}
08-30-2021;;19:57:26;72;confidence:2}
08-30-2021;;19:57:31;73;confidence:2}
08-30-2021;;19:57:36;75;confidence:2}
08-30-2021;;19:57:46;76;confidence:2}
08-30-2021;;19:57:51;78;confidence:2}
08-30-2021;;19:58:06;78;confidence:2}
08-30-2021;;19:58:16;77;confidence:2}
08-30-2021;;19:58:21;75;confidence:2}
08-30-2021;;19:58:26;73;confidence:2}
08-30-2021;;19:58:31;71;confidence:3}
08-30-2021;;19:58:36;69;confidence:3}
08-30-2021;;19:58:46;69;confidence:2}
08-30-2021;;19:59:01;70;confidence:2}
08-30-2021;;19:59:16;72;confidence:2}
08-30-2021;;19:59:21;73;confidence:2}
08-30-2021;;19:59:31;72;confidence:2}
08-30-2021;;19:59:41;71;confidence:2}
08-30-2021;;19:59:56;72;confidence:2}
08-30-2021;;20:00:01;73;confidence:2}
08-30-2021;;20:00:06;73;confidence:3}
08-30-2021;;20:00:11;71;confidence:2}
08-30-2021;;20:00:16;70;confidence:2}
08-30-2021;;20:00:26;67;confidence:2}
08-30-2021;;20:00:31;62;confidence:2}
08-30-2021;;20:00:36;63;confidence:2}
08-30-2021;;20:00:41;63;confidence:2}
08-30-2021;;20:00:56;65;confidence:2}
08-30-2021;;20:01:01;67;confidence:2}
08-30-2021;;20:01:06;69;confidence:1}
08-30-2021;;20:01:16;71;confidence:1}
08-30-2021;;20:01:21;75;confidence:1}
08-30-2021;;20:01:26;78;confidence:1}
08-30-2021;;20:01:31;82;confidence:1}
08-30-2021;;20:01:36;81;confidence:1}
08-30-2021;;20:01:41;79;confidence:1}
08-30-2021;;20:01:46;78;confidence:2}
08-30-2021;;20:01:51;76;confidence:1}
08-30-2021;;20:01:56;73;confidence:1}
08-30-2021;;20:02:01;71;confidence:2}
08-30-2021;;20:02:06;72;confidence:2}
08-30-2021;;20:02:11;73;confidence:3}
08-30-2021;;20:02:16;73;confidence:1}
08-30-2021;;20:02:21;72;confidence:1}
08-30-2021;;20:02:26;73;confidence:1}
08-30-2021;;20:02:31;73;confidence:2}
08-30-2021;;20:02:36;70;confidence:2}
08-30-2021;;20:02:41;70;confidence:3}
08-30-2021;;20:02:46;71;confidence:2}
08-30-2021;;20:02:56;68;confidence:1}
08-30-2021;;20:03:01;64;confidence:1}
08-30-2021;;20:03:11;67;confidence:1}
08-30-2021;;20:03:16;68;confidence:1}
08-30-2021;;20:03:21;71;confidence:2}
08-30-2021;;20:03:26;73;confidence:2}
08-30-2021;;20:03:31;70;confidence:3}
08-30-2021;;20:03:36;68;confidence:3}
08-30-2021;;20:03:46;69;confidence:3}
08-30-2021;;20:03:51;69;confidence:1}
08-30-2021;;20:03:56;70;confidence:1}
08-30-2021;;20:04:01;70;confidence:2}
08-30-2021;;20:04:16;69;confidence:1}
08-30-2021;;20:04:21;70;confidence:1}
08-30-2021;;20:04:26;72;confidence:2}
08-30-2021;;20:04:31;72;confidence:1}
08-30-2021;;20:04:41;73;confidence:2}
08-30-2021;;20:04:46;74;confidence:2}
08-30-2021;;20:04:51;72;confidence:2}
08-30-2021;;20:04:56;71;confidence:1}
08-30-2021;;20:05:01;72;confidence:1}
08-30-2021;;20:05:06;73;confidence:2}
08-30-2021;;20:05:11;75;confidence:2}
08-30-2021;;20:05:16;73;confidence:2}
08-30-2021;;20:05:26;72;confidence:2}
08-30-2021;;20:05:31;73;confidence:2}
08-30-2021;;20:05:36;72;confidence:2}
08-30-2021;;20:05:41;71;confidence:1}
08-30-2021;;20:05:46;70;confidence:1}
08-30-2021;;20:05:51;72;confidence:1}
08-30-2021;;20:05:56;75;confidence:2}
08-30-2021;;20:06:01;75;confidence:1}
08-30-2021;;20:06:11;76;confidence:1}
08-30-2021;;20:06:16;75;confidence:2}
08-30-2021;;20:06:31;73;confidence:2}
08-30-2021;;20:06:36;73;confidence:1}
08-30-2021;;20:06:41;75;confidence:1}
08-30-2021;;20:06:46;77;confidence:1}
08-30-2021;;20:06:51;79;confidence:1}
08-30-2021;;20:07:01;82;confidence:1}
08-30-2021;;20:07:06;84;confidence:2}
08-30-2021;;20:07:11;83;confidence:1}
08-30-2021;;20:07:16;84;confidence:1}
08-30-2021;;20:07:26;86;confidence:1}
08-30-2021;;20:07:36;84;confidence:1}
08-30-2021;;20:07:41;87;confidence:1}
08-30-2021;;20:07:51;89;confidence:1}
08-30-2021;;20:08:01;86;confidence:1}
08-30-2021;;20:08:06;84;confidence:1}
08-30-2021;;20:08:11;83;confidence:1}
08-30-2021;;20:08:16;81;confidence:1}
08-30-2021;;20:08:26;79;confidence:1}
08-30-2021;;20:08:31;80;confidence:1}
08-30-2021;;20:08:36;78;confidence:1}
08-30-2021;;20:08:51;76;confidence:2}
08-30-2021;;20:08:56;74;confidence:2}
08-30-2021;;20:09:01;74;confidence:1}
08-30-2021;;20:09:11;75;confidence:1}
08-30-2021;;20:09:16;78;confidence:1}
08-30-2021;;20:09:26;77;confidence:1}
08-30-2021;;20:09:31;76;confidence:1}
08-30-2021;;20:09:41;75;confidence:1}
08-30-2021;;20:09:56;77;confidence:1}
08-30-2021;;20:10:06;75;confidence:1}
08-30-2021;;20:10:11;74;confidence:1}
08-30-2021;;20:10:21;73;confidence:3}
08-30-2021;;20:10:26;72;confidence:2}
08-30-2021;;20:10:36;72;confidence:1}
08-30-2021;;20:10:41;74;confidence:1}
08-30-2021;;20:10:46;75;confidence:1}
08-30-2021;;20:10:51;78;confidence:1}
08-30-2021;;20:10:56;76;confidence:1}
08-30-2021;;20:11:11;75;confidence:2}
08-30-2021;;20:11:16;76;confidence:2}
08-30-2021;;20:11:21;74;confidence:2}
08-30-2021;;20:11:26;70;confidence:1}
08-30-2021;;20:11:31;68;confidence:2}
08-30-2021;;20:11:36;71;confidence:1}
08-30-2021;;20:11:41;73;confidence:1}
08-30-2021;;20:11:46;74;confidence:1}
08-30-2021;;20:11:51;73;confidence:1}
08-30-2021;;20:11:56;72;confidence:1}
08-30-2021;;20:12:01;74;confidence:1}
08-30-2021;;20:12:16;75;confidence:1}
08-30-2021;;20:12:21;75;confidence:2}
08-30-2021;;20:12:26;75;confidence:1}
08-30-2021;;20:12:31;76;confidence:1}
08-30-2021;;20:12:36;75;confidence:1}
08-30-2021;;20:12:41;76;confidence:1}
08-30-2021;;20:12:51;79;confidence:1}
08-30-2021;;20:12:56;80;confidence:1}
08-30-2021;;20:13:01;79;confidence:1}
08-30-2021;;20:13:06;78;confidence:1}
08-30-2021;;20:13:11;77;confidence:1}
08-30-2021;;20:13:21;76;confidence:1}
08-30-2021;;20:13:26;74;confidence:1}
08-30-2021;;20:13:31;72;confidence:1}
08-30-2021;;20:13:36;71;confidence:1}
08-30-2021;;20:13:41;73;confidence:1}
08-30-2021;;20:13:46;72;confidence:1}
08-30-2021;;20:13:51;71;confidence:1}
08-30-2021;;20:13:56;72;confidence:2}
08-30-2021;;20:14:01;71;confidence:2}
08-30-2021;;20:14:06;67;confidence:1}
08-30-2021;;20:14:11;63;confidence:1}
08-30-2021;;20:14:16;65;confidence:1}
08-30-2021;;20:14:21;68;confidence:1}
08-30-2021;;20:14:26;73;confidence:1}
08-30-2021;;20:14:31;69;confidence:1}
08-30-2021;;20:14:36;72;confidence:1}
08-30-2021;;20:14:41;73;confidence:2}
08-30-2021;;20:14:46;75;confidence:1}
08-30-2021;;20:14:51;79;confidence:1}
08-30-2021;;20:14:56;82;confidence:1}
08-30-2021;;20:15:01;81;confidence:1}
08-30-2021;;20:15:06;79;confidence:2}
08-30-2021;;20:15:11;76;confidence:2}
08-30-2021;;20:15:16;75;confidence:2}
08-30-2021;;20:15:21;74;confidence:1}
08-30-2021;;20:15:26;69;confidence:1}
08-30-2021;;20:15:31;67;confidence:1}
08-30-2021;;20:15:36;68;confidence:2}
08-30-2021;;20:15:41;69;confidence:1}
08-30-2021;;20:15:51;67;confidence:1}
08-30-2021;;20:15:56;68;confidence:1}
08-30-2021;;20:16:01;69;confidence:1}
08-30-2021;;20:16:06;75;confidence:1}
08-30-2021;;20:16:16;76;confidence:1}
08-30-2021;;20:16:26;77;confidence:1}
08-30-2021;;20:16:36;78;confidence:1}
08-30-2021;;20:16:41;77;confidence:1}
08-30-2021;;20:16:46;76;confidence:1}
08-30-2021;;20:16:51;75;confidence:1}
08-30-2021;;20:16:56;76;confidence:1}
08-30-2021;;20:17:01;74;confidence:2}
08-30-2021;;20:17:06;73;confidence:1}
08-30-2021;;20:17:11;72;confidence:1}
08-30-2021;;20:17:16;74;confidence:1}
08-30-2021;;20:17:21;76;confidence:1}
08-30-2021;;20:17:26;77;confidence:1}
08-30-2021;;20:17:31;76;confidence:1}
08-30-2021;;20:17:41;75;confidence:1}
08-30-2021;;20:17:46;73;confidence:1}
08-30-2021;;20:17:51;72;confidence:1}
08-30-2021;;20:17:56;76;confidence:1}
08-30-2021;;20:18:01;77;confidence:1}
08-30-2021;;20:18:06;78;confidence:1}
08-30-2021;;20:18:11;77;confidence:1}
08-30-2021;;20:18:16;78;confidence:1}
08-30-2021;;20:18:31;78;confidence:1}
08-30-2021;;20:18:36;77;confidence:1}
08-30-2021;;20:18:41;74;confidence:1}
08-30-2021;;20:18:46;75;confidence:1}
08-30-2021;;20:18:51;72;confidence:1}
08-30-2021;;20:19:06;74;confidence:1}
08-30-2021;;20:19:16;74;confidence:2}
08-30-2021;;20:19:21;72;confidence:2}
08-30-2021;;20:19:26;69;confidence:2}
08-30-2021;;20:19:36;68;confidence:2}
08-30-2021;;20:19:46;67;confidence:3}
08-30-2021;;20:19:51;69;confidence:3}
08-30-2021;;20:19:56;70;confidence:3}
08-30-2021;;20:20:01;69;confidence:3}
08-30-2021;;20:20:06;70;confidence:3}
08-30-2021;;20:20:11;71;confidence:3}
08-30-2021;;20:20:26;72;confidence:3}
08-30-2021;;20:20:31;73;confidence:3}
08-30-2021;;20:20:36;71;confidence:3}
08-30-2021;;20:20:46;70;confidence:3}
08-30-2021;;20:20:51;70;confidence:2}
08-30-2021;;20:20:56;71;confidence:1}
08-30-2021;;20:21:01;72;confidence:1}
08-30-2021;;20:21:06;74;confidence:1}
08-30-2021;;20:21:11;78;confidence:1}
08-30-2021;;20:21:16;80;confidence:1}
08-30-2021;;20:21:21;79;confidence:3}
08-30-2021;;20:21:26;79;confidence:1}
08-30-2021;;20:21:31;77;confidence:1}
08-30-2021;;20:21:36;74;confidence:1}
08-30-2021;;20:21:41;75;confidence:1}
08-30-2021;;20:21:51;76;confidence:1}
08-30-2021;;20:21:56;75;confidence:1}
08-30-2021;;20:22:06;73;confidence:1}
08-30-2021;;20:22:11;72;confidence:1}
08-30-2021;;20:22:16;71;confidence:1}
08-30-2021;;20:22:21;67;confidence:1}
08-30-2021;;20:22:26;65;confidence:1}
08-30-2021;;20:22:31;67;confidence:1}
08-30-2021;;20:22:36;69;confidence:1}
08-30-2021;;20:22:41;71;confidence:1}
08-30-2021;;20:22:51;72;confidence:2}
08-30-2021;;20:22:56;74;confidence:1}
08-30-2021;;20:23:01;75;confidence:1}
08-30-2021;;20:23:06;76;confidence:1}
08-30-2021;;20:23:16;75;confidence:1}
08-30-2021;;20:23:21;73;confidence:1}
08-30-2021;;20:23:26;72;confidence:3}
08-30-2021;;20:23:31;73;confidence:3}
08-30-2021;;20:23:36;73;confidence:2}
08-30-2021;;20:23:41;71;confidence:1}
08-30-2021;;20:23:46;69;confidence:1}
08-30-2021;;20:23:51;71;confidence:1}
08-30-2021;;20:23:56;78;confidence:1}
08-30-2021;;20:24:06;76;confidence:2}
08-30-2021;;20:24:11;74;confidence:2}
08-30-2021;;20:24:16;72;confidence:2}
08-30-2021;;20:24:21;70;confidence:1}
08-30-2021;;20:24:26;73;confidence:1}
08-30-2021;;20:24:31;75;confidence:1}
08-30-2021;;20:24:36;76;confidence:1}
08-30-2021;;20:24:41;78;confidence:2}
08-30-2021;;20:24:46;77;confidence:2}
08-30-2021;;20:24:51;76;confidence:1}
08-30-2021;;20:24:56;75;confidence:1}
08-30-2021;;20:25:01;72;confidence:1}
08-30-2021;;20:25:06;71;confidence:2}
08-30-2021;;20:25:11;73;confidence:2}
08-30-2021;;20:25:16;74;confidence:1}
08-30-2021;;20:25:21;73;confidence:1}
08-30-2021;;20:25:36;70;confidence:1}
08-30-2021;;20:25:41;71;confidence:1}
08-30-2021;;20:25:46;70;confidence:1}
08-30-2021;;20:25:51;68;confidence:1}
08-30-2021;;20:25:56;66;confidence:1}
08-30-2021;;20:26:01;63;confidence:1}
08-30-2021;;20:26:06;61;confidence:1}
08-30-2021;;20:26:11;63;confidence:1}
08-30-2021;;20:26:16;69;confidence:1}
08-30-2021;;20:26:21;65;confidence:1}
08-30-2021;;20:26:26;63;confidence:1}
08-30-2021;;20:26:31;66;confidence:1}
08-30-2021;;20:26:36;73;confidence:1}
08-30-2021;;20:26:41;75;confidence:1}
08-30-2021;;20:26:46;74;confidence:1}
08-30-2021;;20:26:51;73;confidence:1}
08-30-2021;;20:26:56;72;confidence:1}
08-30-2021;;20:27:01;71;confidence:1}
08-30-2021;;20:27:06;74;confidence:1}
08-30-2021;;20:27:11;76;confidence:1}
08-30-2021;;20:27:26;79;confidence:1}
08-30-2021;;20:27:31;80;confidence:1}
08-30-2021;;20:27:36;79;confidence:1}
08-30-2021;;20:27:46;83;confidence:1}
08-30-2021;;20:27:51;82;confidence:2}
08-30-2021;;20:27:56;82;confidence:1}
08-30-2021;;20:28:06;76;confidence:1}
08-30-2021;;20:28:16;75;confidence:1}
08-30-2021;;20:28:21;76;confidence:1}
08-30-2021;;20:28:26;77;confidence:1}
08-30-2021;;20:28:31;78;confidence:1}
08-30-2021;;20:28:41;77;confidence:1}
08-30-2021;;20:28:46;78;confidence:1}
08-30-2021;;20:28:51;76;confidence:1}
08-30-2021;;20:28:56;77;confidence:1}
08-30-2021;;20:29:11;76;confidence:1}
08-30-2021;;20:29:16;77;confidence:1}
08-30-2021;;20:29:26;79;confidence:1}
08-30-2021;;20:29:36;80;confidence:1}
08-30-2021;;20:29:41;79;confidence:1}
08-30-2021;;20:29:56;79;confidence:1}
08-30-2021;;20:30:01;78;confidence:1}
08-30-2021;;20:30:11;80;confidence:1}
08-30-2021;;20:30:16;75;confidence:1}
08-30-2021;;20:30:21;74;confidence:1}
08-30-2021;;20:30:26;73;confidence:1}
08-30-2021;;20:30:36;72;confidence:1}
08-30-2021;;20:30:41;71;confidence:1}
08-30-2021;;20:30:56;71;confidence:1}
08-30-2021;;20:31:01;73;confidence:1}
08-30-2021;;20:31:06;75;confidence:1}
08-30-2021;;20:31:11;76;confidence:1}
08-30-2021;;20:31:16;77;confidence:1}
08-30-2021;;20:31:21;76;confidence:1}
08-30-2021;;20:31:31;75;confidence:1}
08-30-2021;;20:31:36;75;confidence:1}
08-30-2021;;20:31:41;77;confidence:1}
08-30-2021;;20:31:46;76;confidence:2}
08-30-2021;;20:31:56;77;confidence:2}
08-30-2021;;20:32:01;78;confidence:2}
08-30-2021;;20:32:06;79;confidence:2}
08-30-2021;;20:32:11;79;confidence:1}
08-30-2021;;20:32:16;78;confidence:1}
08-30-2021;;20:32:21;77;confidence:1}
08-30-2021;;20:32:26;76;confidence:1}
08-30-2021;;20:32:31;74;confidence:1}
08-30-2021;;20:32:36;75;confidence:1}
08-30-2021;;20:32:41;77;confidence:1}
08-30-2021;;20:32:51;78;confidence:2}
08-30-2021;;20:32:56;74;confidence:1}
08-30-2021;;20:33:01;72;confidence:1}
08-30-2021;;20:33:06;71;confidence:1}
08-30-2021;;20:33:11;72;confidence:1}
08-30-2021;;20:33:16;70;confidence:1}
08-30-2021;;20:33:21;68;confidence:1}
08-30-2021;;20:33:26;67;confidence:1}
08-30-2021;;20:33:31;69;confidence:1}
08-30-2021;;20:33:36;71;confidence:1}
08-30-2021;;20:33:41;70;confidence:1}
08-30-2021;;20:33:46;71;confidence:1}
08-30-2021;;20:33:51;72;confidence:2}
08-30-2021;;20:33:56;72;confidence:1}
08-30-2021;;20:34:01;71;confidence:2}
08-30-2021;;20:34:06;70;confidence:2}
08-30-2021;;20:34:16;71;confidence:2}
08-30-2021;;20:34:26;72;confidence:2}
08-30-2021;;20:34:31;73;confidence:3}
08-30-2021;;20:34:36;72;confidence:3}
08-30-2021;;20:34:41;73;confidence:2}
08-30-2021;;20:34:46;74;confidence:3}
08-30-2021;;20:34:51;74;confidence:2}
08-30-2021;;20:35:06;74;confidence:2}
08-30-2021;;20:35:11;75;confidence:2}
08-30-2021;;20:35:16;76;confidence:1}
08-30-2021;;20:35:21;77;confidence:1}
08-30-2021;;20:35:26;79;confidence:1}
08-30-2021;;20:35:36;81;confidence:1}
08-30-2021;;20:35:46;80;confidence:1}
08-30-2021;;20:35:51;78;confidence:1}
08-30-2021;;20:35:56;77;confidence:1}
08-30-2021;;20:43:33;69;confidence:0}
08-30-2021;;20:43:38;67;confidence:0}
08-30-2021;;20:43:43;74;confidence:1}
08-30-2021;;20:43:48;75;confidence:1}
08-30-2021;;20:43:53;79;confidence:1}
08-30-2021;;20:44:08;78;confidence:1}
08-30-2021;;20:44:18;79;confidence:1}
08-30-2021;;20:44:23;81;confidence:1}
08-30-2021;;20:44:28;83;confidence:1}
08-30-2021;;20:44:33;82;confidence:1}
08-30-2021;;20:44:38;86;confidence:1}
08-30-2021;;20:44:48;86;confidence:2}
08-30-2021;;20:44:58;89;confidence:2}
08-30-2021;;20:45:03;90;confidence:3}
08-30-2021;;20:45:08;88;confidence:1}
08-30-2021;;20:45:13;88;confidence:2}
08-30-2021;;20:45:18;87;confidence:1}
08-30-2021;;20:45:23;88;confidence:1}
08-30-2021;;20:45:28;87;confidence:1}
08-30-2021;;20:45:33;87;confidence:2}
08-30-2021;;20:45:38;88;confidence:2}
08-30-2021;;20:45:43;89;confidence:2}
08-30-2021;;20:45:58;89;confidence:3}
08-30-2021;;20:46:03;87;confidence:2}
08-30-2021;;20:46:13;87;confidence:1}
08-30-2021;;20:46:23;88;confidence:2}
08-30-2021;;20:46:28;89;confidence:1}
08-30-2021;;20:46:33;90;confidence:1}
08-30-2021;;20:46:38;93;confidence:1}
08-30-2021;;20:46:43;92;confidence:2}
08-30-2021;;20:46:48;90;confidence:2}
08-30-2021;;20:46:53;89;confidence:2}
08-30-2021;;20:46:58;90;confidence:2}
08-30-2021;;20:47:03;92;confidence:2}
08-30-2021;;20:47:08;91;confidence:3}
08-30-2021;;20:47:13;89;confidence:2}
08-30-2021;;20:47:18;89;confidence:3}
08-30-2021;;20:47:23;88;confidence:3}
08-30-2021;;20:47:28;90;confidence:2}
08-30-2021;;20:47:43;91;confidence:2}
08-30-2021;;20:47:48;92;confidence:2}
08-30-2021;;20:47:53;92;confidence:3}
08-30-2021;;20:47:58;91;confidence:3}
08-30-2021;;20:48:03;91;confidence:2}
08-30-2021;;20:48:18;91;confidence:2}
08-30-2021;;20:48:23;91;confidence:3}
08-30-2021;;20:48:28;91;confidence:2}
08-30-2021;;20:48:33;93;confidence:2}
08-30-2021;;20:48:48;92;confidence:2}
08-30-2021;;20:48:53;94;confidence:1}
08-30-2021;;20:48:58;95;confidence:3}
08-30-2021;;20:49:03;96;confidence:2}
08-30-2021;;20:49:08;94;confidence:2}
08-30-2021;;20:49:18;95;confidence:2}
08-30-2021;;20:49:23;96;confidence:2}
08-30-2021;;20:49:28;95;confidence:2}
08-30-2021;;20:49:33;94;confidence:2}
08-30-2021;;20:49:38;93;confidence:2}
08-30-2021;;20:49:43;94;confidence:2}
08-30-2021;;20:49:48;95;confidence:2}
08-30-2021;;20:50:03;97;confidence:2}
08-30-2021;;20:50:13;96;confidence:2}
08-30-2021;;20:50:18;94;confidence:1}
08-30-2021;;20:50:23;92;confidence:1}
08-30-2021;;20:50:28;88;confidence:2}
08-30-2021;;20:50:38;89;confidence:2}
08-30-2021;;20:50:43;89;confidence:1}
08-30-2021;;20:50:48;88;confidence:1}
08-30-2021;;20:50:53;89;confidence:2}
08-30-2021;;20:50:58;87;confidence:2}
08-30-2021;;20:51:03;87;confidence:1}
08-30-2021;;20:51:08;88;confidence:2}
08-30-2021;;20:51:13;87;confidence:2}
08-30-2021;;20:51:18;87;confidence:1}
08-30-2021;;20:51:23;87;confidence:2}
08-30-2021;;20:51:28;88;confidence:2}
08-30-2021;;20:51:33;87;confidence:2}
08-30-2021;;20:51:43;87;confidence:1}
08-30-2021;;20:51:48;88;confidence:1}
08-30-2021;;20:51:53;87;confidence:1}
08-30-2021;;20:52:03;88;confidence:2}
08-30-2021;;20:52:08;89;confidence:2}
08-30-2021;;20:52:13;90;confidence:2}
08-30-2021;;20:52:28;90;confidence:2}
08-30-2021;;20:52:33;90;confidence:1}
08-30-2021;;20:52:38;90;confidence:2}
08-30-2021;;20:52:43;90;confidence:3}
08-30-2021;;20:52:48;91;confidence:2}
08-30-2021;;20:53:03;93;confidence:2}
08-30-2021;;20:53:08;94;confidence:2}
08-30-2021;;20:53:13;92;confidence:2}
08-30-2021;;20:53:18;91;confidence:2}
08-30-2021;;20:53:23;90;confidence:2}
08-30-2021;;20:53:28;89;confidence:2}
08-30-2021;;20:53:33;90;confidence:2}
08-30-2021;;20:53:38;89;confidence:2}
08-30-2021;;20:53:48;91;confidence:1}
08-30-2021;;20:53:53;93;confidence:2}
08-30-2021;;20:53:58;94;confidence:1}
08-30-2021;;20:54:03;95;confidence:1}
08-30-2021;;20:54:08;94;confidence:2}
08-30-2021;;20:54:13;93;confidence:2}
08-30-2021;;20:54:23;94;confidence:2}
08-30-2021;;20:54:38;95;confidence:2}
08-30-2021;;20:54:43;96;confidence:1}
08-30-2021;;20:54:48;95;confidence:2}
08-30-2021;;20:54:53;94;confidence:2}
08-30-2021;;20:54:58;93;confidence:2}
08-30-2021;;20:55:03;90;confidence:2}
08-30-2021;;20:55:08;91;confidence:2}
08-30-2021;;20:55:23;90;confidence:2}
08-30-2021;;20:55:33;89;confidence:2}
08-30-2021;;20:55:43;88;confidence:2}
08-30-2021;;20:55:48;89;confidence:2}
08-30-2021;;20:56:03;90;confidence:2}
08-30-2021;;20:56:08;91;confidence:2}
08-30-2021;;20:56:18;88;confidence:2}
08-30-2021;;20:56:23;87;confidence:2}
08-30-2021;;20:56:33;89;confidence:2}
08-30-2021;;20:56:38;91;confidence:2}
08-30-2021;;20:56:43;92;confidence:3}
08-30-2021;;20:56:48;91;confidence:3}
08-30-2021;;20:56:58;89;confidence:3}
08-30-2021;;20:57:08;90;confidence:3}
08-30-2021;;20:57:13;90;confidence:2}
08-30-2021;;20:57:23;91;confidence:2}
08-30-2021;;20:57:28;93;confidence:2}
08-30-2021;;20:57:33;92;confidence:2}
08-30-2021;;20:57:38;92;confidence:3}
08-30-2021;;20:57:43;93;confidence:3}
08-30-2021;;20:57:48;94;confidence:3}
08-30-2021;;20:57:53;94;confidence:2}
08-30-2021;;20:58:08;94;confidence:2}
08-30-2021;;20:58:13;95;confidence:2}
08-30-2021;;20:58:18;96;confidence:2}
08-30-2021;;20:58:23;96;confidence:2}
08-30-2021;;20:58:28;96;confidence:1}
08-30-2021;;20:58:33;93;confidence:1}
08-30-2021;;20:58:38;91;confidence:1}
08-30-2021;;20:58:43;92;confidence:1}
08-30-2021;;20:58:48;92;confidence:2}
08-30-2021;;20:58:53;88;confidence:3}
08-30-2021;;20:59:03;88;confidence:2}
08-30-2021;;20:59:08;89;confidence:2}
08-30-2021;;20:59:13;91;confidence:2}
08-30-2021;;20:59:18;92;confidence:2}
08-30-2021;;20:59:23;93;confidence:2}
08-30-2021;;20:59:38;95;confidence:2}
08-30-2021;;20:59:43;98;confidence:2}
08-30-2021;;20:59:53;95;confidence:2}
08-30-2021;;20:59:58;92;confidence:2}
08-30-2021;;21:00:08;91;confidence:2}
08-30-2021;;21:00:13;92;confidence:2}
08-30-2021;;21:00:23;92;confidence:3}
08-30-2021;;21:00:33;93;confidence:2}
08-30-2021;;21:00:38;94;confidence:2}
08-30-2021;;21:00:43;95;confidence:2}
08-30-2021;;21:00:48;96;confidence:2}
08-30-2021;;21:00:53;97;confidence:2}
08-30-2021;;21:00:58;93;confidence:2}
08-30-2021;;21:01:03;92;confidence:1}
08-30-2021;;21:01:08;94;confidence:2}
08-30-2021;;21:01:13;95;confidence:2}
08-30-2021;;21:01:28;95;confidence:2}
08-30-2021;;21:01:33;94;confidence:2}
08-30-2021;;21:01:48;93;confidence:3}
08-30-2021;;21:01:53;95;confidence:2}
08-30-2021;;21:02:08;95;confidence:2}
08-30-2021;;21:02:13;93;confidence:1}
08-30-2021;;21:02:18;90;confidence:1}
08-30-2021;;21:02:23;89;confidence:1}
08-30-2021;;21:02:28;90;confidence:2}
08-30-2021;;21:02:38;91;confidence:2}
08-30-2021;;21:02:43;92;confidence:2}
08-30-2021;;21:02:48;91;confidence:2}
08-30-2021;;21:02:53;93;confidence:1}
08-30-2021;;21:02:58;94;confidence:2}
08-30-2021;;21:03:08;95;confidence:2}
08-30-2021;;21:03:13;94;confidence:2}
08-30-2021;;21:03:18;89;confidence:2}
08-30-2021;;21:03:23;88;confidence:2}
08-30-2021;;21:03:28;91;confidence:2}
08-30-2021;;21:03:33;93;confidence:2}
08-30-2021;;21:03:38;93;confidence:1}
08-30-2021;;21:03:43;92;confidence:1}
08-30-2021;;21:03:48;91;confidence:2}
08-30-2021;;21:03:58;91;confidence:1}
08-30-2021;;21:04:08;93;confidence:1}
08-30-2021;;21:04:13;95;confidence:1}
08-30-2021;;21:04:18;96;confidence:1}
08-30-2021;;21:04:23;95;confidence:1}
08-30-2021;;21:04:28;96;confidence:1}
08-30-2021;;21:04:33;96;confidence:2}
08-30-2021;;21:04:38;94;confidence:1}
08-30-2021;;21:04:43;89;confidence:1}
08-30-2021;;21:04:48;87;confidence:1}
08-30-2021;;21:04:53;84;confidence:2}
08-30-2021;;21:04:58;85;confidence:2}
08-30-2021;;21:05:03;85;confidence:3}
08-30-2021;;21:05:08;86;confidence:2}
08-30-2021;;21:05:13;85;confidence:2}
08-30-2021;;21:05:18;84;confidence:1}
08-30-2021;;21:05:23;86;confidence:1}
08-30-2021;;21:05:28;91;confidence:1}
08-30-2021;;21:05:33;95;confidence:1}
08-30-2021;;21:05:43;93;confidence:3}
08-30-2021;;21:05:48;95;confidence:1}
08-30-2021;;21:05:53;94;confidence:1}
08-30-2021;;21:06:03;95;confidence:1}
08-30-2021;;21:06:08;96;confidence:2}
08-30-2021;;21:06:13;95;confidence:1}
08-30-2021;;21:06:23;95;confidence:2}
08-30-2021;;21:06:28;96;confidence:1}
08-30-2021;;21:06:33;96;confidence:2}
08-30-2021;;21:06:38;97;confidence:2}
08-30-2021;;21:06:43;96;confidence:2}
08-30-2021;;21:06:48;96;confidence:2}
08-30-2021;;21:06:58;95;confidence:2}
08-30-2021;;21:07:03;96;confidence:2}
08-30-2021;;21:07:08;96;confidence:1}
08-30-2021;;21:07:13;97;confidence:2}
08-30-2021;;21:07:28;96;confidence:2}
08-30-2021;;21:07:33;97;confidence:2}
08-30-2021;;21:07:38;96;confidence:2}
08-30-2021;;21:07:43;97;confidence:2}
08-30-2021;;21:07:48;96;confidence:2}
08-30-2021;;21:08:03;96;confidence:2}
08-30-2021;;21:08:18;94;confidence:2}
08-30-2021;;21:08:28;95;confidence:2}
08-30-2021;;21:08:33;95;confidence:1}
08-30-2021;;21:08:38;96;confidence:2}
08-30-2021;;21:08:53;94;confidence:2}
08-30-2021;;21:08:58;93;confidence:2}
08-30-2021;;21:09:03;93;confidence:1}
08-30-2021;;21:09:08;92;confidence:1}
08-30-2021;;21:09:13;93;confidence:1}
08-30-2021;;21:09:18;94;confidence:2}
08-30-2021;;21:09:23;95;confidence:2}
08-30-2021;;21:09:28;96;confidence:2}
08-30-2021;;21:09:33;97;confidence:2}
08-30-2021;;21:09:38;96;confidence:2}
08-30-2021;;21:09:43;95;confidence:2}
08-30-2021;;21:09:48;96;confidence:2}
08-30-2021;;21:09:53;96;confidence:2}
08-30-2021;;21:10:08;96;confidence:2}
08-30-2021;;21:10:13;97;confidence:1}
08-30-2021;;21:10:18;97;confidence:2}
08-30-2021;;21:10:28;96;confidence:2}
08-30-2021;;21:10:33;95;confidence:2}
08-30-2021;;21:10:38;94;confidence:1}
08-30-2021;;21:10:48;95;confidence:1}
08-30-2021;;21:10:53;96;confidence:1}
08-30-2021;;21:11:03;96;confidence:2}
08-30-2021;;21:11:08;97;confidence:2}
08-30-2021;;21:11:23;96;confidence:1}
08-30-2021;;21:11:33;95;confidence:1}
08-30-2021;;21:11:38;94;confidence:2}
08-30-2021;;21:11:48;94;confidence:1}
08-30-2021;;21:11:53;93;confidence:2}
08-30-2021;;21:11:58;95;confidence:3}
08-30-2021;;21:12:03;95;confidence:2}
08-30-2021;;21:12:08;95;confidence:3}
08-30-2021;;21:12:13;94;confidence:2}
08-30-2021;;21:12:23;93;confidence:2}
08-30-2021;;21:12:28;94;confidence:2}
08-30-2021;;21:12:33;96;confidence:2}
08-30-2021;;21:12:38;97;confidence:2}
08-30-2021;;21:12:48;97;confidence:1}
08-30-2021;;21:12:53;98;confidence:2}
08-30-2021;;21:13:03;99;confidence:2}
08-30-2021;;21:13:08;100;confidence:1}
08-30-2021;;21:13:13;101;confidence:2}
08-30-2021;;21:13:18;101;confidence:1}
08-30-2021;;21:13:23;99;confidence:1}
08-30-2021;;21:13:33;98;confidence:1}
08-30-2021;;21:13:38;96;confidence:2}
08-30-2021;;21:13:43;96;confidence:1}
08-30-2021;;21:13:48;95;confidence:1}
08-30-2021;;21:13:53;96;confidence:1}
08-30-2021;;21:13:58;98;confidence:2}
08-30-2021;;21:14:08;98;confidence:1}
08-30-2021;;21:14:23;98;confidence:2}
08-30-2021;;21:14:28;99;confidence:2}
08-30-2021;;21:14:33;98;confidence:2}
08-30-2021;;21:14:38;98;confidence:1}
08-30-2021;;21:14:48;100;confidence:2}
08-30-2021;;21:14:53;102;confidence:2}
08-30-2021;;21:15:03;101;confidence:2}
08-30-2021;;21:15:13;102;confidence:2}
08-30-2021;;21:15:18;101;confidence:2}
08-30-2021;;21:15:23;102;confidence:2}
08-30-2021;;21:15:28;101;confidence:2}
08-30-2021;;21:15:33;99;confidence:1}
08-30-2021;;21:15:38;97;confidence:1}
08-30-2021;;21:15:43;96;confidence:2}
08-30-2021;;21:15:48;97;confidence:2}
08-30-2021;;21:15:53;98;confidence:2}
08-30-2021;;21:15:58;98;confidence:2}
08-30-2021;;21:16:08;97;confidence:2}
08-30-2021;;21:16:13;98;confidence:2}
08-30-2021;;21:16:18;98;confidence:1}
08-30-2021;;21:16:23;98;confidence:2}
08-30-2021;;21:16:38;97;confidence:2}
08-30-2021;;21:16:43;96;confidence:3}
08-30-2021;;21:16:53;97;confidence:2}
08-30-2021;;21:17:03;96;confidence:2}
08-30-2021;;21:17:08;97;confidence:2}
08-30-2021;;21:17:13;99;confidence:2}
08-30-2021;;21:17:18;100;confidence:2}
08-30-2021;;21:17:28;99;confidence:2}
08-30-2021;;21:17:33;100;confidence:2}
08-30-2021;;21:17:38;101;confidence:2}
08-30-2021;;21:17:43;102;confidence:2}
08-30-2021;;21:17:48;101;confidence:2}
08-30-2021;;21:17:53;100;confidence:2}
08-30-2021;;21:18:03;99;confidence:2}
08-30-2021;;21:18:08;98;confidence:2}
08-30-2021;;21:18:23;98;confidence:2}
08-30-2021;;21:18:38;98;confidence:2}
08-30-2021;;21:18:43;99;confidence:2}
08-30-2021;;21:18:48;98;confidence:2}
08-30-2021;;21:18:53;99;confidence:2}
08-30-2021;;21:18:58;100;confidence:2}
08-30-2021;;21:19:03;102;confidence:2}
08-30-2021;;21:19:08;102;confidence:2}
08-30-2021;;21:19:13;101;confidence:1}
08-30-2021;;21:19:18;102;confidence:2}
08-30-2021;;21:19:28;101;confidence:2}
08-30-2021;;21:19:33;102;confidence:2}
08-30-2021;;21:19:48;102;confidence:2}
08-30-2021;;21:19:53;103;confidence:1}
08-30-2021;;21:20:03;102;confidence:2}
08-30-2021;;21:20:08;102;confidence:1}
08-30-2021;;21:20:13;100;confidence:1}
08-30-2021;;21:20:18;100;confidence:2}
08-30-2021;;21:20:28;98;confidence:2}
08-30-2021;;21:20:33;99;confidence:1}
08-30-2021;;21:20:38;99;confidence:2}
08-30-2021;;21:20:43;100;confidence:2}
08-30-2021;;21:20:53;101;confidence:2}
08-30-2021;;21:20:58;100;confidence:2}
08-30-2021;;21:21:03;101;confidence:2}
08-30-2021;;21:21:18;100;confidence:2}
08-30-2021;;21:21:23;99;confidence:2}
08-30-2021;;21:21:28;96;confidence:1}
08-30-2021;;21:21:33;95;confidence:2}
08-30-2021;;21:21:38;96;confidence:2}
08-30-2021;;21:21:43;98;confidence:2}
08-30-2021;;21:21:53;97;confidence:2}
08-30-2021;;21:21:58;98;confidence:1}
08-30-2021;;21:22:03;99;confidence:1}
08-30-2021;;21:22:08;100;confidence:2}
08-30-2021;;21:22:18;101;confidence:2}
08-30-2021;;21:22:33;101;confidence:2}
08-30-2021;;21:22:43;104;confidence:2}
08-30-2021;;21:22:48;105;confidence:2}
08-30-2021;;21:22:53;104;confidence:2}
08-30-2021;;21:23:08;104;confidence:2}
08-30-2021;;21:23:23;102;confidence:2}
08-30-2021;;21:23:38;99;confidence:2}
08-30-2021;;21:23:43;95;confidence:2}
08-30-2021;;21:23:48;97;confidence:3}
08-30-2021;;21:23:53;96;confidence:3}
08-30-2021;;21:23:58;96;confidence:2}
08-30-2021;;21:24:03;95;confidence:2}
08-30-2021;;21:24:13;96;confidence:2}
08-30-2021;;21:24:18;97;confidence:2}
08-30-2021;;21:24:23;96;confidence:3}
08-30-2021;;21:24:28;93;confidence:2}
08-30-2021;;21:24:33;92;confidence:2}
08-30-2021;;21:24:38;94;confidence:3}
08-30-2021;;21:24:43;96;confidence:2}
08-30-2021;;21:24:48;95;confidence:1}
08-30-2021;;21:24:53;93;confidence:1}
08-30-2021;;21:24:58;92;confidence:2}
08-30-2021;;21:25:08;93;confidence:2}
08-30-2021;;21:25:13;94;confidence:2}
08-30-2021;;21:25:18;95;confidence:2}
08-30-2021;;21:25:23;96;confidence:2}
08-30-2021;;21:25:28;95;confidence:2}
08-30-2021;;21:25:43;95;confidence:2}
08-30-2021;;21:25:48;98;confidence:2}
08-30-2021;;21:25:53;99;confidence:3}
08-30-2021;;21:26:03;99;confidence:2}
08-30-2021;;21:26:18;98;confidence:2}
08-30-2021;;21:26:28;100;confidence:2}
08-30-2021;;21:26:33;101;confidence:2}
08-30-2021;;21:26:38;100;confidence:2}
08-30-2021;;21:26:43;99;confidence:2}
08-30-2021;;21:26:48;98;confidence:2}
08-30-2021;;21:26:53;101;confidence:2}
08-30-2021;;21:26:58;99;confidence:2}
08-30-2021;;21:27:03;98;confidence:2}
08-30-2021;;21:27:18;98;confidence:2}
08-30-2021;;21:27:33;98;confidence:2}
08-30-2021;;21:27:38;97;confidence:1}
08-30-2021;;21:27:43;95;confidence:3}
08-30-2021;;21:27:48;92;confidence:2}
08-30-2021;;21:27:58;91;confidence:2}
08-30-2021;;21:28:08;93;confidence:1}
08-30-2021;;21:28:13;95;confidence:1}
08-30-2021;;21:28:18;97;confidence:2}
08-30-2021;;21:28:23;98;confidence:3}
08-30-2021;;21:28:28;99;confidence:1}
08-30-2021;;21:28:33;97;confidence:2}
08-30-2021;;21:28:38;98;confidence:2}
08-30-2021;;21:28:43;98;confidence:1}
08-30-2021;;21:28:48;97;confidence:2}
08-30-2021;;21:28:53;99;confidence:1}
08-30-2021;;21:29:03;98;confidence:2}
08-30-2021;;21:29:08;99;confidence:2}
08-30-2021;;21:29:13;101;confidence:2}
08-30-2021;;21:29:28;100;confidence:2}
08-30-2021;;21:29:33;100;confidence:1}
08-30-2021;;21:29:38;101;confidence:1}
08-30-2021;;21:29:48;100;confidence:1}
08-30-2021;;21:29:53;101;confidence:1}
08-30-2021;;21:29:58;99;confidence:2}
08-30-2021;;21:30:03;98;confidence:2}
08-30-2021;;21:30:08;97;confidence:2}
08-30-2021;;21:30:13;96;confidence:2}
08-30-2021;;21:30:18;96;confidence:3}
08-30-2021;;21:30:23;95;confidence:2}
08-30-2021;;21:30:28;96;confidence:2}
08-30-2021;;21:30:38;97;confidence:2}
08-30-2021;;21:30:43;98;confidence:2}
08-30-2021;;21:30:58;98;confidence:2}
08-30-2021;;21:31:13;99;confidence:2}
08-30-2021;;21:31:18;99;confidence:3}
08-30-2021;;21:31:23;97;confidence:2}
08-30-2021;;21:31:28;96;confidence:2}
08-30-2021;;21:31:38;97;confidence:2}
08-30-2021;;21:31:43;99;confidence:2}
08-30-2021;;21:31:48;101;confidence:2}
08-30-2021;;21:32:03;100;confidence:2}
08-30-2021;;21:32:13;99;confidence:1}
08-30-2021;;21:32:18;98;confidence:1}
08-30-2021;;21:32:28;99;confidence:3}
08-30-2021;;21:32:33;97;confidence:3}
08-30-2021;;21:32:38;96;confidence:2}
08-30-2021;;21:32:43;95;confidence:2}
08-30-2021;;21:32:48;96;confidence:2}
08-30-2021;;21:32:53;97;confidence:2}
08-30-2021;;21:33:03;96;confidence:2}
08-30-2021;;21:33:08;97;confidence:2}
08-30-2021;;21:33:13;99;confidence:2}
08-30-2021;;21:33:18;99;confidence:1}
08-30-2021;;21:33:23;99;confidence:3}
08-30-2021;;21:33:28;98;confidence:2}
08-30-2021;;21:33:33;96;confidence:2}
08-30-2021;;21:33:48;97;confidence:1}
08-30-2021;;21:33:53;98;confidence:2}
08-30-2021;;21:34:08;99;confidence:2}
08-30-2021;;21:34:13;101;confidence:1}
08-30-2021;;21:34:18;100;confidence:2}
08-30-2021;;21:34:23;101;confidence:1}
08-30-2021;;21:34:38;103;confidence:2}
08-30-2021;;21:34:48;102;confidence:1}
08-30-2021;;21:34:53;103;confidence:2}
08-30-2021;;21:34:58;102;confidence:1}
08-30-2021;;21:35:03;100;confidence:1}
08-30-2021;;21:35:08;102;confidence:2}
08-30-2021;;21:35:18;101;confidence:2}
08-30-2021;;21:35:23;102;confidence:2}
08-30-2021;;21:35:28;101;confidence:2}
08-30-2021;;21:35:33;98;confidence:3}
08-30-2021;;21:35:38;93;confidence:2}
08-30-2021;;21:35:43;94;confidence:3}
08-30-2021;;21:35:48;95;confidence:3}
08-30-2021;;21:35:53;94;confidence:3}
08-30-2021;;21:35:58;96;confidence:3}
08-30-2021;;21:36:03;98;confidence:3}
08-30-2021;;21:36:08;99;confidence:2}
08-30-2021;;21:36:18;98;confidence:2}
08-30-2021;;21:36:23;95;confidence:3}
08-30-2021;;21:36:33;96;confidence:3}
08-30-2021;;21:36:38;97;confidence:3}
08-30-2021;;21:36:43;98;confidence:2}
08-30-2021;;21:36:58;99;confidence:2}
08-30-2021;;21:37:03;99;confidence:3}
08-30-2021;;21:37:08;101;confidence:3}
08-30-2021;;21:37:13;102;confidence:2}
08-30-2021;;21:37:28;102;confidence:2}
08-30-2021;;21:37:33;101;confidence:3}
08-30-2021;;21:37:38;100;confidence:2}
08-30-2021;;21:37:43;100;confidence:3}
08-30-2021;;21:37:48;100;confidence:2}
08-30-2021;;21:37:58;99;confidence:2}
08-30-2021;;21:38:03;100;confidence:2}
08-30-2021;;21:38:08;101;confidence:2}
08-30-2021;;21:38:13;99;confidence:2}
08-30-2021;;21:38:18;98;confidence:2}
08-30-2021;;21:38:23;97;confidence:1}
08-30-2021;;21:38:28;98;confidence:2}
08-30-2021;;21:38:33;97;confidence:1}
08-30-2021;;21:38:38;93;confidence:2}
08-30-2021;;21:38:43;92;confidence:1}
08-30-2021;;21:38:48;93;confidence:1}
08-30-2021;;21:38:53;94;confidence:1}
08-30-2021;;21:38:58;93;confidence:1}
08-30-2021;;21:39:03;91;confidence:1}
08-30-2021;;21:39:08;94;confidence:1}
08-30-2021;;21:39:13;96;confidence:1}
08-30-2021;;21:39:18;97;confidence:2}
08-30-2021;;21:39:33;97;confidence:1}
08-30-2021;;21:39:41;97;confidence:0}
08-30-2021;;21:39:56;96;confidence:1}
08-30-2021;;21:40:01;97;confidence:1}
08-30-2021;;21:40:06;99;confidence:1}
08-30-2021;;21:40:11;98;confidence:1}
08-30-2021;;21:40:16;94;confidence:1}
08-30-2021;;21:40:21;89;confidence:1}
08-30-2021;;21:40:31;90;confidence:1}
08-30-2021;;21:40:36;92;confidence:1}
08-30-2021;;21:40:46;90;confidence:1}
08-30-2021;;21:40:51;88;confidence:1}
08-30-2021;;21:56:03;85;confidence:0}
08-30-2021;;21:56:08;78;confidence:0}
08-30-2021;;21:56:13;77;confidence:0}
08-30-2021;;21:56:18;76;confidence:1}
08-30-2021;;21:56:23;82;confidence:1}
08-30-2021;;21:56:28;85;confidence:1}
08-30-2021;;21:56:33;88;confidence:1}
08-30-2021;;21:56:38;87;confidence:1}
08-30-2021;;21:56:48;84;confidence:1}
08-30-2021;;21:57:03;83;confidence:1}
08-30-2021;;21:57:08;82;confidence:1}
08-30-2021;;21:57:13;80;confidence:1}
08-30-2021;;21:57:18;80;confidence:2}
08-30-2021;;21:57:23;81;confidence:3}
08-30-2021;;21:57:28;80;confidence:3}
08-30-2021;;21:57:33;82;confidence:1}
08-30-2021;;21:57:43;84;confidence:1}
08-30-2021;;21:57:48;84;confidence:2}
08-30-2021;;21:57:53;81;confidence:2}
08-30-2021;;21:57:58;80;confidence:3}
08-30-2021;;21:58:03;78;confidence:2}
08-30-2021;;21:58:08;76;confidence:1}
08-30-2021;;21:58:18;78;confidence:1}
08-30-2021;;21:58:23;79;confidence:1}
08-30-2021;;21:58:28;78;confidence:1}
08-30-2021;;21:58:33;76;confidence:1}
08-30-2021;;21:58:38;74;confidence:1}
08-30-2021;;21:58:43;77;confidence:1}
08-30-2021;;21:58:48;80;confidence:1}
08-30-2021;;21:58:58;81;confidence:1}
08-30-2021;;21:59:03;80;confidence:1}
08-30-2021;;21:59:08;79;confidence:1}
08-30-2021;;21:59:13;80;confidence:3}
08-30-2021;;21:59:18;84;confidence:3}
08-30-2021;;21:59:23;81;confidence:3}
08-30-2021;;21:59:28;78;confidence:3}
08-30-2021;;21:59:33;80;confidence:3}
08-30-2021;;21:59:38;83;confidence:3}
08-30-2021;;21:59:43;84;confidence:3}
08-30-2021;;21:59:48;85;confidence:3}
08-30-2021;;21:59:58;87;confidence:3}
08-30-2021;;22:00:08;87;confidence:2}
08-30-2021;;22:00:13;85;confidence:1}
08-30-2021;;22:00:18;86;confidence:1}
08-30-2021;;22:00:23;88;confidence:1}
08-30-2021;;22:00:33;85;confidence:1}
08-30-2021;;22:00:38;83;confidence:1}
08-30-2021;;22:00:43;80;confidence:1}
08-30-2021;;22:00:48;78;confidence:1}
08-30-2021;;22:00:53;79;confidence:1}
08-30-2021;;22:00:58;80;confidence:1}
08-30-2021;;22:01:08;81;confidence:2}
08-30-2021;;22:01:13;82;confidence:1}
08-30-2021;;22:01:18;80;confidence:1}
08-30-2021;;22:01:23;80;confidence:1}
08-30-2021;;22:01:33;79;confidence:3}
08-30-2021;;22:01:38;79;confidence:2}
08-30-2021;;22:01:48;79;confidence:3}
08-30-2021;;22:01:53;80;confidence:2}
08-30-2021;;22:02:03;78;confidence:2}
08-30-2021;;22:02:13;80;confidence:3}
08-30-2021;;22:02:18;80;confidence:2}
08-30-2021;;22:02:23;79;confidence:1}
08-30-2021;;22:02:33;80;confidence:1}
08-30-2021;;22:02:43;81;confidence:1}
08-30-2021;;22:02:48;82;confidence:2}
08-30-2021;;22:03:03;80;confidence:2}
08-30-2021;;22:03:13;81;confidence:1}
08-30-2021;;22:03:18;82;confidence:1}
08-30-2021;;22:03:23;81;confidence:1}
08-30-2021;;22:03:28;83;confidence:2}
08-30-2021;;22:03:33;82;confidence:1}
08-30-2021;;22:03:38;81;confidence:1}
08-30-2021;;22:03:43;80;confidence:2}
08-30-2021;;22:03:48;79;confidence:2}
08-30-2021;;22:03:53;78;confidence:2}
08-30-2021;;22:03:58;77;confidence:1}
08-30-2021;;22:04:08;79;confidence:1}
08-30-2021;;22:04:13;80;confidence:2}
08-30-2021;;22:04:18;81;confidence:2}
08-30-2021;;22:04:23;80;confidence:2}
08-30-2021;;22:04:28;78;confidence:1}
08-30-2021;;22:04:33;76;confidence:1}
08-30-2021;;22:04:43;78;confidence:1}
08-30-2021;;22:04:48;76;confidence:2}
08-30-2021;;22:04:53;76;confidence:3}
08-30-2021;;22:04:58;73;confidence:2}
08-30-2021;;22:05:08;74;confidence:3}
08-30-2021;;22:05:13;73;confidence:3}
08-30-2021;;22:05:18;72;confidence:2}
08-30-2021;;22:05:33;72;confidence:1}
08-30-2021;;22:05:38;74;confidence:1}
08-30-2021;;22:05:43;77;confidence:1}
08-30-2021;;22:05:48;80;confidence:1}
08-30-2021;;22:05:53;82;confidence:1}
08-30-2021;;22:05:58;81;confidence:1}
08-30-2021;;22:06:03;82;confidence:1}
08-30-2021;;22:06:08;81;confidence:1}
08-30-2021;;22:06:13;81;confidence:2}
08-30-2021;;22:06:18;82;confidence:2}
08-30-2021;;22:06:23;83;confidence:2}
08-30-2021;;22:06:28;84;confidence:2}
08-30-2021;;22:06:33;85;confidence:2}
08-30-2021;;22:06:38;82;confidence:2}
08-30-2021;;22:06:43;82;confidence:1}
08-30-2021;;22:06:48;83;confidence:1}
08-30-2021;;22:06:53;84;confidence:1}
08-30-2021;;22:06:58;85;confidence:1}
08-30-2021;;22:07:03;84;confidence:1}
08-30-2021;;22:07:13;83;confidence:1}
08-30-2021;;22:07:18;82;confidence:1}
08-30-2021;;22:07:28;83;confidence:2}
08-30-2021;;22:07:33;82;confidence:1}
08-30-2021;;22:07:38;79;confidence:1}
08-30-2021;;22:07:43;78;confidence:1}
08-30-2021;;22:07:58;77;confidence:3}
08-30-2021;;22:08:03;76;confidence:3}
08-30-2021;;22:08:08;75;confidence:2}
08-30-2021;;22:08:18;76;confidence:1}
08-30-2021;;22:08:23;75;confidence:1}
08-30-2021;;22:08:38;74;confidence:2}
08-30-2021;;22:08:43;73;confidence:3}
08-30-2021;;22:08:53;74;confidence:3}
08-30-2021;;22:08:58;75;confidence:2}
08-30-2021;;22:09:03;76;confidence:2}
08-30-2021;;22:09:08;78;confidence:3}
08-30-2021;;22:09:18;78;confidence:2}
08-30-2021;;22:09:23;77;confidence:3}
08-30-2021;;22:09:28;78;confidence:2}
08-30-2021;;22:09:33;77;confidence:3}
08-30-2021;;22:09:38;76;confidence:2}
08-30-2021;;22:09:43;76;confidence:1}
08-30-2021;;22:09:48;77;confidence:1}
08-30-2021;;22:09:53;81;confidence:1}
08-30-2021;;22:09:58;82;confidence:3}
08-30-2021;;22:10:03;83;confidence:1}
08-30-2021;;22:10:08;78;confidence:1}
08-30-2021;;22:10:13;77;confidence:3}
08-30-2021;;22:10:23;77;confidence:2}
08-30-2021;;22:10:33;76;confidence:3}
08-30-2021;;22:10:38;76;confidence:2}
08-30-2021;;22:10:43;76;confidence:1}
08-30-2021;;22:10:48;76;confidence:2}
08-30-2021;;22:11:03;77;confidence:3}
08-30-2021;;22:11:08;74;confidence:3}
08-30-2021;;22:11:13;72;confidence:3}
08-30-2021;;22:11:18;74;confidence:2}
08-30-2021;;22:11:23;77;confidence:1}
08-30-2021;;22:11:33;79;confidence:1}
08-30-2021;;22:11:38;80;confidence:3}
08-30-2021;;22:11:43;80;confidence:2}
08-30-2021;;22:11:48;81;confidence:1}
08-30-2021;;22:11:58;80;confidence:1}
08-30-2021;;22:12:03;79;confidence:2}
08-30-2021;;22:12:08;79;confidence:3}
08-30-2021;;22:12:13;78;confidence:3}
08-30-2021;;22:12:23;76;confidence:3}
08-30-2021;;22:12:28;76;confidence:2}
08-30-2021;;22:12:33;76;confidence:1}
08-30-2021;;22:12:38;77;confidence:2}
08-30-2021;;22:12:43;80;confidence:1}
08-30-2021;;22:12:53;79;confidence:1}
08-30-2021;;22:12:58;78;confidence:1}
08-30-2021;;22:13:03;80;confidence:2}
08-30-2021;;22:13:08;81;confidence:2}
08-30-2021;;22:13:13;80;confidence:2}
08-30-2021;;22:13:23;81;confidence:1}
08-30-2021;;22:13:28;82;confidence:1}
08-30-2021;;22:13:33;83;confidence:1}
08-30-2021;;22:13:38;85;confidence:1}
08-30-2021;;22:13:43;87;confidence:1}
08-30-2021;;22:13:53;89;confidence:1}
08-30-2021;;22:14:08;89;confidence:1}
08-30-2021;;22:14:13;86;confidence:1}
08-30-2021;;22:14:18;84;confidence:1}
08-30-2021;;22:14:23;83;confidence:1}
08-30-2021;;22:14:28;82;confidence:2}
08-30-2021;;22:14:33;83;confidence:1}
08-30-2021;;22:14:38;82;confidence:1}
08-30-2021;;22:14:43;80;confidence:1}
08-30-2021;;22:14:48;80;confidence:2}
08-30-2021;;22:14:53;81;confidence:1}
08-30-2021;;22:14:58;79;confidence:2}
08-30-2021;;22:15:08;79;confidence:1}
08-30-2021;;22:15:13;78;confidence:2}
08-30-2021;;22:15:18;80;confidence:2}
08-30-2021;;22:15:28;79;confidence:1}
08-30-2021;;22:15:33;80;confidence:1}
08-30-2021;;22:15:38;81;confidence:1}
08-30-2021;;22:15:43;81;confidence:1}
08-30-2021;;22:15:48;83;confidence:1}
08-30-2021;;22:15:58;80;confidence:2}
08-30-2021;;22:16:03;77;confidence:2}
08-30-2021;;22:16:08;74;confidence:1}
08-30-2021;;22:16:18;76;confidence:1}
08-30-2021;;22:16:23;77;confidence:1}
08-30-2021;;22:16:28;78;confidence:1}
08-30-2021;;22:16:33;80;confidence:1}
08-30-2021;;22:16:38;80;confidence:3}
08-30-2021;;22:16:43;80;confidence:2}
08-30-2021;;22:16:48;80;confidence:1}
08-30-2021;;22:16:53;81;confidence:1}
08-30-2021;;22:17:03;80;confidence:1}
08-30-2021;;22:17:08;82;confidence:1}
08-30-2021;;22:17:13;80;confidence:1}
08-30-2021;;22:17:18;78;confidence:2}
08-30-2021;;22:17:23;77;confidence:3}
08-30-2021;;22:17:28;76;confidence:3}
08-30-2021;;22:17:33;76;confidence:2}
08-30-2021;;22:17:38;77;confidence:2}
08-30-2021;;22:17:48;78;confidence:2}
08-30-2021;;22:17:53;79;confidence:2}
08-30-2021;;22:17:58;78;confidence:1}
08-30-2021;;22:18:03;78;confidence:2}
08-30-2021;;22:18:08;78;confidence:1}
08-30-2021;;22:18:13;79;confidence:1}
08-30-2021;;22:18:18;79;confidence:1}
08-30-2021;;22:18:28;80;confidence:3}
08-30-2021;;22:18:33;80;confidence:2}
08-30-2021;;22:18:38;79;confidence:1}
08-30-2021;;22:18:43;80;confidence:1}
08-30-2021;;22:18:48;81;confidence:1}
08-30-2021;;22:18:53;82;confidence:1}
08-30-2021;;22:19:03;83;confidence:1}
08-30-2021;;22:19:08;81;confidence:1}
08-30-2021;;22:19:13;82;confidence:1}
08-30-2021;;22:19:18;84;confidence:1}
08-30-2021;;22:19:28;83;confidence:1}
08-30-2021;;22:19:33;84;confidence:1}
08-30-2021;;22:19:38;81;confidence:1}
08-30-2021;;22:19:43;80;confidence:2}
08-30-2021;;22:19:48;79;confidence:1}
08-30-2021;;22:19:53;78;confidence:2}
08-30-2021;;22:19:58;78;confidence:1}
08-30-2021;;22:20:13;80;confidence:2}
08-30-2021;;22:20:18;82;confidence:2}
08-30-2021;;22:20:23;81;confidence:2}
08-30-2021;;22:20:28;81;confidence:1}
08-30-2021;;22:20:33;80;confidence:1}
08-30-2021;;22:20:38;82;confidence:1}
08-30-2021;;22:20:43;84;confidence:1}
08-30-2021;;22:20:48;85;confidence:1}
08-30-2021;;22:20:53;85;confidence:3}
08-30-2021;;22:20:58;83;confidence:2}
08-30-2021;;22:21:03;80;confidence:3}
08-30-2021;;22:21:08;77;confidence:3}
08-30-2021;;22:21:13;76;confidence:2}
08-30-2021;;22:21:18;77;confidence:1}
08-30-2021;;22:21:23;78;confidence:2}
08-30-2021;;22:21:28;77;confidence:3}
08-30-2021;;22:21:33;76;confidence:3}
08-30-2021;;22:21:38;74;confidence:3}
08-30-2021;;22:21:43;74;confidence:2}
08-30-2021;;22:21:48;75;confidence:2}
08-30-2021;;22:21:53;76;confidence:2}
08-30-2021;;22:21:58;77;confidence:1}
08-30-2021;;22:22:03;80;confidence:1}
08-30-2021;;22:22:13;82;confidence:2}
08-30-2021;;22:22:18;81;confidence:2}
08-30-2021;;22:22:23;80;confidence:2}
08-30-2021;;22:22:38;81;confidence:1}
08-30-2021;;22:22:43;82;confidence:1}
08-30-2021;;22:22:53;84;confidence:1}
08-30-2021;;22:22:58;85;confidence:1}
08-30-2021;;22:23:03;86;confidence:1}
08-30-2021;;22:23:08;85;confidence:1}
08-30-2021;;22:23:13;83;confidence:1}
08-30-2021;;22:23:18;82;confidence:1}
08-30-2021;;22:23:23;80;confidence:1}
08-30-2021;;22:23:28;79;confidence:1}
08-30-2021;;22:23:33;79;confidence:1}
08-30-2021;;22:23:38;80;confidence:2}
08-30-2021;;22:23:43;81;confidence:2}
08-30-2021;;22:23:48;83;confidence:3}
08-30-2021;;22:23:53;83;confidence:2}
08-30-2021;;22:23:58;84;confidence:2}
08-30-2021;;22:24:03;83;confidence:2}
08-30-2021;;22:24:08;83;confidence:1}
08-30-2021;;22:24:23;84;confidence:1}
08-30-2021;;22:24:28;82;confidence:1}
08-30-2021;;22:24:33;81;confidence:3}
08-30-2021;;22:24:38;78;confidence:3}
08-30-2021;;22:24:43;75;confidence:2}
08-30-2021;;22:24:48;73;confidence:2}
08-30-2021;;22:24:53;72;confidence:2}
08-30-2021;;22:24:58;71;confidence:3}
08-30-2021;;22:25:03;70;confidence:3}
08-30-2021;;22:25:08;71;confidence:3}
08-30-2021;;22:25:13;73;confidence:3}
08-30-2021;;22:25:23;74;confidence:3}
08-30-2021;;22:25:28;75;confidence:3}
08-30-2021;;22:25:38;76;confidence:3}
08-30-2021;;22:25:43;75;confidence:3}
08-30-2021;;22:25:48;75;confidence:1}
08-30-2021;;22:25:58;76;confidence:2}
08-30-2021;;22:26:03;76;confidence:1}
08-30-2021;;22:26:08;78;confidence:1}
08-30-2021;;22:26:13;79;confidence:1}
08-30-2021;;22:26:18;80;confidence:1}
08-30-2021;;22:26:28;81;confidence:1}
08-30-2021;;22:26:43;82;confidence:1}
08-30-2021;;22:26:48;84;confidence:1}
08-30-2021;;22:26:53;86;confidence:1}
08-30-2021;;22:26:58;87;confidence:1}
08-30-2021;;22:27:08;86;confidence:2}
08-30-2021;;22:27:13;85;confidence:1}
08-30-2021;;22:27:18;83;confidence:1}
08-30-2021;;22:27:23;83;confidence:2}
08-30-2021;;22:27:28;84;confidence:2}
08-30-2021;;22:27:33;83;confidence:1}
08-30-2021;;22:27:38;80;confidence:1}
08-30-2021;;22:27:48;79;confidence:1}
08-30-2021;;22:27:58;79;confidence:2}
08-30-2021;;22:28:08;79;confidence:1}
08-30-2021;;22:28:18;80;confidence:1}
08-30-2021;;22:28:23;83;confidence:1}
08-30-2021;;22:28:33;84;confidence:1}
08-30-2021;;22:28:43;82;confidence:1}
08-30-2021;;22:28:48;78;confidence:1}
08-30-2021;;22:28:58;75;confidence:1}
08-30-2021;;22:29:03;75;confidence:3}
08-30-2021;;22:29:08;74;confidence:2}
08-30-2021;;22:29:18;73;confidence:2}
08-30-2021;;22:29:23;75;confidence:2}
08-30-2021;;22:29:28;75;confidence:1}
08-30-2021;;22:29:33;74;confidence:1}
08-30-2021;;22:29:38;76;confidence:1}
08-30-2021;;22:29:43;77;confidence:1}
08-30-2021;;22:29:48;78;confidence:1}
08-30-2021;;22:29:58;79;confidence:1}
08-30-2021;;22:30:03;79;confidence:2}
08-30-2021;;22:30:08;80;confidence:2}
08-30-2021;;22:30:13;81;confidence:2}
08-30-2021;;22:30:18;82;confidence:3}
08-30-2021;;22:30:23;82;confidence:2}
08-30-2021;;22:30:28;82;confidence:1}
08-30-2021;;22:30:33;83;confidence:1}
08-30-2021;;22:30:38;84;confidence:1}
08-30-2021;;22:30:43;85;confidence:1}
08-30-2021;;22:30:48;86;confidence:1}
08-30-2021;;22:30:58;87;confidence:1}
08-30-2021;;22:31:03;85;confidence:2}
08-30-2021;;22:31:08;79;confidence:1}
08-30-2021;;22:31:13;74;confidence:1}
08-30-2021;;22:31:18;73;confidence:1}
08-30-2021;;22:31:28;74;confidence:1}
08-30-2021;;22:31:33;78;confidence:1}
08-30-2021;;22:31:43;80;confidence:1}
08-30-2021;;22:31:48;81;confidence:1}
08-30-2021;;22:31:53;83;confidence:1}
08-30-2021;;22:31:58;84;confidence:1}
08-30-2021;;22:32:03;84;confidence:1}
08-30-2021;;22:32:08;86;confidence:1}
08-30-2021;;22:32:13;85;confidence:1}
08-30-2021;;22:32:18;81;confidence:1}
08-30-2021;;22:32:23;73;confidence:1}
08-30-2021;;22:32:28;70;confidence:1}
08-30-2021;;22:32:33;72;confidence:1}
08-30-2021;;22:32:38;74;confidence:1}
08-30-2021;;22:32:43;75;confidence:1}
08-30-2021;;22:32:48;74;confidence:1}
08-30-2021;;22:32:53;71;confidence:1}
08-30-2021;;22:32:58;69;confidence:1}
08-30-2021;;22:33:03;73;confidence:1}
08-30-2021;;22:33:13;71;confidence:1}
08-30-2021;;22:33:18;68;confidence:1}
08-30-2021;;22:33:23;66;confidence:1}
08-30-2021;;22:33:28;68;confidence:1}
08-30-2021;;22:33:33;72;confidence:1}
08-30-2021;;22:33:38;73;confidence:1}
08-30-2021;;22:33:43;72;confidence:1}
08-30-2021;;22:33:53;71;confidence:1}
08-30-2021;;22:33:58;72;confidence:1}
08-30-2021;;22:34:03;71;confidence:1}
08-30-2021;;22:34:18;73;confidence:1}
08-30-2021;;22:34:23;75;confidence:1}
08-30-2021;;22:34:28;74;confidence:1}
08-30-2021;;22:34:43;74;confidence:1}
08-30-2021;;22:34:48;74;confidence:2}
08-30-2021;;22:34:53;75;confidence:2}
08-30-2021;;22:34:58;73;confidence:2}
08-30-2021;;22:35:03;71;confidence:2}
08-30-2021;;22:35:08;73;confidence:2}
08-30-2021;;22:35:23;71;confidence:1}
08-30-2021;;22:35:28;70;confidence:1}
08-30-2021;;22:35:33;71;confidence:1}
08-30-2021;;22:35:38;72;confidence:1}
08-30-2021;;22:35:43;69;confidence:2}
08-30-2021;;22:35:48;70;confidence:3}
08-30-2021;;22:35:53;72;confidence:3}
08-30-2021;;22:35:58;73;confidence:3}
08-30-2021;;22:36:03;73;confidence:2}
08-30-2021;;22:36:18;72;confidence:3}
08-30-2021;;22:36:28;73;confidence:3}
08-30-2021;;22:36:33;74;confidence:1}
08-30-2021;;22:36:43;78;confidence:1}
08-30-2021;;22:36:48;78;confidence:2}
08-30-2021;;22:36:53;80;confidence:2}
08-30-2021;;22:36:58;79;confidence:2}
08-30-2021;;22:37:03;76;confidence:3}
08-30-2021;;22:37:18;76;confidence:3}
08-30-2021;;22:37:23;75;confidence:2}
08-30-2021;;22:37:28;75;confidence:1}
08-30-2021;;22:37:43;78;confidence:1}
08-30-2021;;22:37:53;79;confidence:2}
08-30-2021;;22:37:58;78;confidence:2}
08-30-2021;;22:38:03;75;confidence:1}
08-30-2021;;22:38:08;74;confidence:1}
08-30-2021;;22:38:13;75;confidence:1}
08-30-2021;;22:38:18;77;confidence:3}
08-30-2021;;22:38:28;74;confidence:1}
08-30-2021;;22:38:33;72;confidence:1}
08-30-2021;;22:38:48;75;confidence:2}
08-30-2021;;22:38:53;77;confidence:2}
08-30-2021;;22:38:58;78;confidence:1}
08-30-2021;;22:39:03;79;confidence:1}
08-30-2021;;22:39:08;78;confidence:1}
08-30-2021;;22:39:13;79;confidence:1}
08-30-2021;;22:39:28;79;confidence:2}
08-30-2021;;22:39:38;79;confidence:1}
08-30-2021;;22:39:48;79;confidence:2}
08-30-2021;;22:39:53;80;confidence:2}
08-30-2021;;22:39:58;79;confidence:1}
08-30-2021;;22:40:08;80;confidence:1}
08-30-2021;;22:40:13;82;confidence:1}
08-30-2021;;22:40:18;84;confidence:1}
08-30-2021;;22:40:23;83;confidence:1}
08-30-2021;;22:40:38;82;confidence:1}
08-30-2021;;22:40:48;81;confidence:1}
08-30-2021;;22:41:03;80;confidence:1}
08-30-2021;;22:41:08;79;confidence:1}
08-30-2021;;22:41:13;79;confidence:2}
08-30-2021;;22:41:18;77;confidence:2}
08-30-2021;;22:41:28;75;confidence:2}
08-30-2021;;22:41:33;76;confidence:2}
08-30-2021;;22:41:38;78;confidence:1}
08-30-2021;;22:41:48;79;confidence:1}
08-30-2021;;22:41:53;79;confidence:2}
08-30-2021;;22:41:58;78;confidence:3}
08-30-2021;;22:42:03;76;confidence:2}
08-30-2021;;22:42:08;75;confidence:1}
08-30-2021;;22:42:18;76;confidence:1}
08-30-2021;;22:42:23;78;confidence:1}
08-30-2021;;22:42:28;77;confidence:1}
08-30-2021;;22:42:33;76;confidence:2}
08-30-2021;;22:42:43;77;confidence:2}
08-30-2021;;22:42:58;76;confidence:2}
08-30-2021;;22:43:08;75;confidence:2}
08-30-2021;;22:43:13;74;confidence:2}
08-30-2021;;22:43:28;75;confidence:2}
08-30-2021;;22:43:33;77;confidence:2}
08-30-2021;;22:43:38;78;confidence:2}
08-30-2021;;22:43:43;77;confidence:2}
08-30-2021;;22:43:48;78;confidence:2}
08-30-2021;;22:43:53;77;confidence:2}
08-30-2021;;22:43:58;76;confidence:2}
08-30-2021;;22:44:03;74;confidence:3}
08-30-2021;;22:44:08;75;confidence:3}
08-30-2021;;22:44:13;76;confidence:3}
08-30-2021;;22:44:18;76;confidence:3}
08-30-2021;;22:44:33;76;confidence:2}
08-30-2021;;22:44:38;77;confidence:2}
08-30-2021;;23:11:21;75;confidence:0}
