"dateTime,""value""";;Time;Value;
9/01/2021;;15:38:46;71;confidence:1}
9/01/2021;;15:38:51;73;confidence:1}
9/01/2021;;15:38:56;78;confidence:1}
9/01/2021;;15:39:01;81;confidence:1}
9/01/2021;;15:39:06;82;confidence:1}
9/01/2021;;15:39:11;85;confidence:1}
9/01/2021;;15:39:16;83;confidence:1}
9/01/2021;;15:39:21;82;confidence:1}
9/01/2021;;15:39:26;85;confidence:1}
9/01/2021;;15:39:31;80;confidence:1}
9/01/2021;;15:39:36;82;confidence:1}
9/01/2021;;15:39:51;80;confidence:1}
9/01/2021;;15:39:56;78;confidence:1}
9/01/2021;;15:40:01;69;confidence:1}
9/01/2021;;15:40:11;66;confidence:1}
9/01/2021;;15:40:16;75;confidence:1}
9/01/2021;;15:40:21;80;confidence:2}
9/01/2021;;15:40:31;81;confidence:2}
9/01/2021;;15:40:36;79;confidence:3}
9/01/2021;;15:40:41;77;confidence:3}
9/01/2021;;15:40:46;75;confidence:3}
9/01/2021;;15:40:51;73;confidence:2}
9/01/2021;;15:40:56;72;confidence:2}
9/01/2021;;15:41:06;73;confidence:1}
9/01/2021;;15:41:11;72;confidence:1}
9/01/2021;;15:41:16;72;confidence:3}
9/01/2021;;15:41:31;72;confidence:3}
9/01/2021;;15:41:36;73;confidence:3}
9/01/2021;;15:41:41;74;confidence:3}
9/01/2021;;15:41:46;73;confidence:3}
9/01/2021;;15:41:51;72;confidence:3}
9/01/2021;;15:41:56;73;confidence:1}
9/01/2021;;15:42:06;76;confidence:1}
9/01/2021;;15:42:11;79;confidence:1}
9/01/2021;;15:42:16;76;confidence:1}
9/01/2021;;15:42:26;77;confidence:1}
9/01/2021;;15:42:31;77;confidence:3}
9/01/2021;;15:42:36;76;confidence:1}
9/01/2021;;15:42:51;78;confidence:1}
9/01/2021;;15:42:56;79;confidence:1}
9/01/2021;;15:43:11;80;confidence:2}
9/01/2021;;15:43:16;79;confidence:2}
9/01/2021;;15:43:21;77;confidence:1}
9/01/2021;;15:43:26;75;confidence:1}
9/01/2021;;15:43:41;80;confidence:1}
9/01/2021;;15:43:46;85;confidence:1}
9/01/2021;;15:43:56;88;confidence:1}
9/01/2021;;15:44:04;82;confidence:1}
9/01/2021;;15:44:09;79;confidence:1}
9/01/2021;;15:44:14;72;confidence:0}
9/01/2021;;15:44:19;70;confidence:0}
9/01/2021;;15:44:24;72;confidence:0}
9/01/2021;;15:44:29;75;confidence:1}
9/01/2021;;15:44:44;78;confidence:2}
9/01/2021;;15:44:49;80;confidence:2}
9/01/2021;;15:44:54;81;confidence:2}
9/01/2021;;15:45:09;80;confidence:2}
9/01/2021;;15:45:14;79;confidence:2}
9/01/2021;;15:45:19;78;confidence:2}
9/01/2021;;15:45:34;78;confidence:2}
9/01/2021;;15:45:39;79;confidence:2}
9/01/2021;;15:45:44;81;confidence:2}
9/01/2021;;15:45:49;82;confidence:2}
9/01/2021;;15:46:04;82;confidence:2}
9/01/2021;;15:46:19;83;confidence:2}
9/01/2021;;15:46:24;81;confidence:2}
9/01/2021;;15:46:29;78;confidence:2}
9/01/2021;;15:46:44;78;confidence:2}
9/01/2021;;15:46:54;79;confidence:2}
9/01/2021;;15:47:04;79;confidence:1}
9/01/2021;;15:47:09;80;confidence:1}
9/01/2021;;15:47:14;86;confidence:2}
9/01/2021;;15:47:19;88;confidence:2}
9/01/2021;;15:47:24;87;confidence:2}
9/01/2021;;15:47:29;84;confidence:2}
9/01/2021;;15:47:34;81;confidence:3}
9/01/2021;;15:47:39;82;confidence:2}
9/01/2021;;15:47:44;81;confidence:2}
9/01/2021;;15:47:59;81;confidence:2}
9/01/2021;;15:48:14;82;confidence:2}
9/01/2021;;15:48:19;83;confidence:2}
9/01/2021;;15:48:29;85;confidence:1}
9/01/2021;;15:48:34;88;confidence:1}
9/01/2021;;15:48:39;87;confidence:1}
9/01/2021;;15:48:44;83;confidence:1}
9/01/2021;;15:48:49;86;confidence:1}
9/01/2021;;15:48:54;91;confidence:1}
9/01/2021;;15:48:59;95;confidence:1}
9/01/2021;;15:49:04;96;confidence:1}
9/01/2021;;15:49:09;95;confidence:1}
9/01/2021;;15:49:14;97;confidence:1}
9/01/2021;;15:49:19;100;confidence:1}
9/01/2021;;15:49:24;101;confidence:1}
9/01/2021;;15:49:29;99;confidence:1}
9/01/2021;;15:49:39;94;confidence:1}
9/01/2021;;15:49:44;88;confidence:1}
9/01/2021;;15:49:49;86;confidence:1}
9/01/2021;;15:49:54;85;confidence:1}
9/01/2021;;15:49:59;84;confidence:1}
9/01/2021;;15:50:04;82;confidence:1}
9/01/2021;;15:50:09;78;confidence:1}
9/01/2021;;15:50:14;79;confidence:1}
9/01/2021;;15:50:19;82;confidence:1}
9/01/2021;;15:50:24;81;confidence:1}
9/01/2021;;15:50:29;78;confidence:3}
9/01/2021;;15:50:34;79;confidence:1}
9/01/2021;;15:50:39;74;confidence:3}
9/01/2021;;15:50:44;73;confidence:1}
9/01/2021;;15:50:49;74;confidence:1}
9/01/2021;;15:51:04;74;confidence:1}
9/01/2021;;15:51:09;75;confidence:2}
9/01/2021;;15:51:14;75;confidence:1}
9/01/2021;;15:51:19;76;confidence:1}
9/01/2021;;15:51:24;77;confidence:2}
9/01/2021;;15:51:29;80;confidence:2}
9/01/2021;;15:51:34;81;confidence:2}
9/01/2021;;15:51:39;79;confidence:2}
9/01/2021;;15:51:44;76;confidence:2}
9/01/2021;;15:51:49;75;confidence:1}
9/01/2021;;15:51:59;77;confidence:1}
9/01/2021;;15:52:04;79;confidence:1}
9/01/2021;;15:52:14;80;confidence:1}
9/01/2021;;15:52:29;81;confidence:1}
9/01/2021;;15:52:34;82;confidence:1}
9/01/2021;;15:52:39;81;confidence:1}
9/01/2021;;15:52:44;79;confidence:1}
9/01/2021;;15:52:49;81;confidence:1}
9/01/2021;;15:52:54;83;confidence:1}
9/01/2021;;15:52:59;83;confidence:1}
9/01/2021;;15:53:04;85;confidence:1}
9/01/2021;;15:53:09;87;confidence:1}
9/01/2021;;15:53:14;88;confidence:1}
9/01/2021;;15:53:19;91;confidence:1}
9/01/2021;;15:53:24;93;confidence:1}
9/01/2021;;15:53:29;91;confidence:1}
9/01/2021;;15:53:34;93;confidence:1}
9/01/2021;;15:53:39;91;confidence:1}
9/01/2021;;15:53:54;93;confidence:1}
9/01/2021;;15:53:59;94;confidence:1}
9/01/2021;;15:54:04;93;confidence:1}
9/01/2021;;15:54:09;92;confidence:1}
9/01/2021;;15:54:14;93;confidence:1}
9/01/2021;;15:54:19;94;confidence:1}
9/01/2021;;15:54:24;91;confidence:1}
9/01/2021;;15:54:29;92;confidence:1}
9/01/2021;;15:54:34;93;confidence:1}
9/01/2021;;15:54:39;89;confidence:1}
9/01/2021;;15:54:44;90;confidence:1}
9/01/2021;;15:54:49;92;confidence:1}
9/01/2021;;15:54:54;91;confidence:1}
9/01/2021;;15:54:59;92;confidence:1}
9/01/2021;;15:55:04;90;confidence:3}
9/01/2021;;15:55:09;89;confidence:1}
9/01/2021;;15:55:14;87;confidence:1}
9/01/2021;;15:55:19;88;confidence:1}
9/01/2021;;15:55:24;91;confidence:1}
9/01/2021;;15:55:29;92;confidence:1}
9/01/2021;;15:55:34;94;confidence:1}
9/01/2021;;15:55:44;97;confidence:1}
9/01/2021;;15:55:49;99;confidence:1}
9/01/2021;;15:55:54;102;confidence:1}
9/01/2021;;15:55:59;101;confidence:1}
9/01/2021;;15:56:04;102;confidence:1}
9/01/2021;;15:56:09;100;confidence:1}
9/01/2021;;15:56:19;99;confidence:1}
9/01/2021;;15:56:24;98;confidence:1}
9/01/2021;;15:56:29;95;confidence:1}
9/01/2021;;15:56:34;93;confidence:1}
9/01/2021;;15:56:39;92;confidence:1}
9/01/2021;;15:56:44;89;confidence:1}
9/01/2021;;15:56:49;90;confidence:1}
9/01/2021;;15:56:59;91;confidence:1}
9/01/2021;;15:57:04;90;confidence:1}
9/01/2021;;15:57:09;92;confidence:1}
9/01/2021;;15:57:19;93;confidence:1}
9/01/2021;;15:57:24;94;confidence:1}
9/01/2021;;15:57:29;92;confidence:1}
9/01/2021;;15:57:34;90;confidence:2}
9/01/2021;;15:57:39;86;confidence:1}
9/01/2021;;15:57:49;85;confidence:1}
9/01/2021;;15:57:54;84;confidence:1}
9/01/2021;;15:57:59;83;confidence:1}
9/01/2021;;15:58:04;83;confidence:1}
9/01/2021;;15:58:19;82;confidence:1}
9/01/2021;;15:58:24;85;confidence:1}
9/01/2021;;15:58:29;86;confidence:1}
9/01/2021;;15:58:34;87;confidence:1}
9/01/2021;;15:58:39;88;confidence:1}
9/01/2021;;15:58:44;86;confidence:1}
9/01/2021;;15:58:49;87;confidence:1}
9/01/2021;;15:58:59;89;confidence:1}
9/01/2021;;15:59:04;90;confidence:1}
9/01/2021;;15:59:09;93;confidence:1}
9/01/2021;;15:59:14;95;confidence:1}
9/01/2021;;15:59:19;96;confidence:1}
9/01/2021;;15:59:24;97;confidence:1}
9/01/2021;;15:59:29;96;confidence:1}
9/01/2021;;15:59:34;98;confidence:1}
9/01/2021;;15:59:39;99;confidence:1}
9/01/2021;;15:59:44;96;confidence:1}
9/01/2021;;15:59:49;99;confidence:1}
9/01/2021;;15:59:54;98;confidence:1}
9/01/2021;;15:59:59;97;confidence:1}
9/01/2021;;16:00:09;95;confidence:1}
9/01/2021;;16:00:14;94;confidence:1}
9/01/2021;;16:00:24;95;confidence:1}
9/01/2021;;16:00:29;96;confidence:1}
9/01/2021;;16:00:34;98;confidence:1}
9/01/2021;;16:00:39;96;confidence:1}
9/01/2021;;16:00:44;95;confidence:1}
9/01/2021;;16:00:49;93;confidence:1}
9/01/2021;;16:00:54;94;confidence:1}
9/01/2021;;16:00:59;96;confidence:1}
9/01/2021;;16:01:04;95;confidence:1}
9/01/2021;;16:01:09;97;confidence:1}
9/01/2021;;16:01:14;98;confidence:1}
9/01/2021;;16:01:24;99;confidence:1}
9/01/2021;;16:01:39;100;confidence:1}
9/01/2021;;16:01:44;99;confidence:1}
9/01/2021;;16:01:49;100;confidence:1}
9/01/2021;;16:01:54;99;confidence:1}
9/01/2021;;16:01:59;97;confidence:1}
9/01/2021;;16:02:04;98;confidence:1}
9/01/2021;;16:02:09;97;confidence:1}
9/01/2021;;16:02:14;98;confidence:1}
9/01/2021;;16:02:19;99;confidence:1}
9/01/2021;;16:02:24;101;confidence:1}
9/01/2021;;16:02:29;102;confidence:1}
9/01/2021;;16:02:39;100;confidence:1}
9/01/2021;;16:02:44;99;confidence:1}
9/01/2021;;16:02:59;99;confidence:1}
9/01/2021;;16:03:14;99;confidence:1}
9/01/2021;;16:03:19;100;confidence:1}
9/01/2021;;16:03:24;98;confidence:1}
9/01/2021;;16:03:34;99;confidence:1}
9/01/2021;;16:03:39;100;confidence:1}
9/01/2021;;16:03:44;101;confidence:1}
9/01/2021;;16:03:49;99;confidence:1}
9/01/2021;;16:03:54;100;confidence:1}
9/01/2021;;16:04:04;102;confidence:1}
9/01/2021;;16:04:09;100;confidence:1}
9/01/2021;;16:04:19;99;confidence:1}
9/01/2021;;16:04:24;100;confidence:1}
9/01/2021;;16:04:29;96;confidence:1}
9/01/2021;;16:04:39;95;confidence:1}
9/01/2021;;16:04:44;93;confidence:1}
9/01/2021;;16:04:49;94;confidence:1}
9/01/2021;;16:04:59;93;confidence:1}
9/01/2021;;16:05:04;91;confidence:1}
9/01/2021;;16:05:09;92;confidence:1}
9/01/2021;;16:05:14;91;confidence:1}
9/01/2021;;16:05:19;92;confidence:1}
9/01/2021;;16:05:24;94;confidence:1}
9/01/2021;;16:05:29;95;confidence:1}
9/01/2021;;16:05:34;94;confidence:1}
9/01/2021;;16:05:39;97;confidence:1}
9/01/2021;;16:05:44;99;confidence:1}
9/01/2021;;16:05:49;96;confidence:1}
9/01/2021;;16:05:54;98;confidence:1}
9/01/2021;;16:05:59;97;confidence:1}
9/01/2021;;16:06:04;96;confidence:1}
9/01/2021;;16:06:14;93;confidence:1}
9/01/2021;;16:06:19;92;confidence:2}
9/01/2021;;16:06:24;90;confidence:3}
9/01/2021;;16:06:29;89;confidence:2}
9/01/2021;;16:06:44;89;confidence:1}
9/01/2021;;16:06:49;90;confidence:1}
9/01/2021;;16:06:54;88;confidence:1}
9/01/2021;;16:06:59;80;confidence:3}
9/01/2021;;16:07:04;79;confidence:2}
9/01/2021;;16:07:09;80;confidence:1}
9/01/2021;;16:07:19;81;confidence:1}
9/01/2021;;16:07:24;81;confidence:2}
9/01/2021;;16:07:39;82;confidence:2}
9/01/2021;;16:07:44;87;confidence:2}
9/01/2021;;16:07:49;91;confidence:2}
9/01/2021;;16:07:59;90;confidence:1}
9/01/2021;;16:08:09;90;confidence:2}
9/01/2021;;16:08:14;90;confidence:1}
9/01/2021;;16:08:19;89;confidence:1}
9/01/2021;;16:08:24;91;confidence:2}
9/01/2021;;16:08:29;92;confidence:2}
9/01/2021;;16:08:34;88;confidence:2}
9/01/2021;;16:08:39;82;confidence:1}
9/01/2021;;16:08:44;83;confidence:1}
9/01/2021;;16:08:49;86;confidence:2}
9/01/2021;;16:08:59;85;confidence:2}
9/01/2021;;16:09:04;84;confidence:3}
9/01/2021;;16:09:09;82;confidence:3}
9/01/2021;;16:09:14;82;confidence:2}
9/01/2021;;16:09:19;81;confidence:2}
9/01/2021;;16:09:34;81;confidence:2}
9/01/2021;;16:09:39;84;confidence:2}
9/01/2021;;16:09:44;88;confidence:2}
9/01/2021;;16:09:49;89;confidence:1}
9/01/2021;;16:09:54;92;confidence:1}
9/01/2021;;16:10:04;91;confidence:2}
9/01/2021;;16:10:09;92;confidence:1}
9/01/2021;;16:10:14;94;confidence:1}
9/01/2021;;16:10:19;95;confidence:1}
9/01/2021;;16:10:29;97;confidence:1}
9/01/2021;;16:10:34;98;confidence:1}
9/01/2021;;16:10:39;96;confidence:1}
9/01/2021;;16:10:44;92;confidence:1}
9/01/2021;;16:10:49;89;confidence:2}
9/01/2021;;16:10:54;93;confidence:2}
9/01/2021;;16:10:59;96;confidence:1}
9/01/2021;;16:11:14;100;confidence:1}
9/01/2021;;16:11:19;103;confidence:1}
9/01/2021;;16:11:24;105;confidence:1}
9/01/2021;;16:11:29;103;confidence:1}
9/01/2021;;16:11:34;99;confidence:1}
9/01/2021;;16:11:39;98;confidence:1}
9/01/2021;;16:11:44;97;confidence:2}
9/01/2021;;16:11:49;98;confidence:1}
9/01/2021;;16:11:54;94;confidence:1}
9/01/2021;;16:11:59;90;confidence:1}
9/01/2021;;16:12:04;90;confidence:1}
9/01/2021;;16:12:09;91;confidence:1}
9/01/2021;;16:12:14;90;confidence:2}
9/01/2021;;16:12:19;89;confidence:3}
9/01/2021;;16:12:24;86;confidence:2}
9/01/2021;;16:12:29;85;confidence:1}
9/01/2021;;16:12:39;84;confidence:1}
9/01/2021;;16:12:44;83;confidence:2}
9/01/2021;;16:12:49;80;confidence:3}
9/01/2021;;16:12:54;77;confidence:2}
9/01/2021;;16:12:59;77;confidence:1}
9/01/2021;;16:13:09;79;confidence:2}
9/01/2021;;16:13:14;80;confidence:1}
9/01/2021;;16:13:19;81;confidence:1}
9/01/2021;;16:13:29;83;confidence:3}
9/01/2021;;16:13:34;83;confidence:2}
9/01/2021;;16:13:39;84;confidence:1}
9/01/2021;;16:13:44;85;confidence:1}
9/01/2021;;16:13:49;88;confidence:1}
9/01/2021;;16:13:54;86;confidence:1}
9/01/2021;;16:13:59;85;confidence:1}
9/01/2021;;16:14:04;82;confidence:2}
9/01/2021;;16:14:09;81;confidence:2}
9/01/2021;;16:14:24;81;confidence:2}
9/01/2021;;16:14:29;82;confidence:1}
9/01/2021;;16:14:34;85;confidence:1}
9/01/2021;;16:14:44;82;confidence:2}
9/01/2021;;16:14:49;81;confidence:2}
9/01/2021;;16:15:04;81;confidence:2}
9/01/2021;;16:15:09;82;confidence:1}
9/01/2021;;16:15:14;83;confidence:1}
9/01/2021;;16:15:19;84;confidence:1}
9/01/2021;;16:15:24;85;confidence:1}
9/01/2021;;16:15:29;86;confidence:1}
9/01/2021;;16:15:34;86;confidence:3}
9/01/2021;;16:15:39;86;confidence:1}
9/01/2021;;16:15:44;86;confidence:2}
9/01/2021;;16:15:49;87;confidence:1}
9/01/2021;;16:15:54;86;confidence:1}
9/01/2021;;16:15:59;88;confidence:1}
9/01/2021;;16:16:14;90;confidence:1}
9/01/2021;;16:16:24;88;confidence:1}
9/01/2021;;16:16:29;86;confidence:1}
9/01/2021;;16:16:34;88;confidence:1}
9/01/2021;;16:16:39;87;confidence:1}
9/01/2021;;16:16:44;89;confidence:1}
9/01/2021;;16:16:49;88;confidence:2}
9/01/2021;;16:16:54;87;confidence:2}
9/01/2021;;16:17:04;88;confidence:2}
9/01/2021;;16:17:09;88;confidence:1}
9/01/2021;;16:17:14;86;confidence:1}
9/01/2021;;16:17:19;88;confidence:1}
9/01/2021;;16:17:24;87;confidence:1}
9/01/2021;;16:17:29;88;confidence:1}
9/01/2021;;16:17:34;86;confidence:2}
9/01/2021;;16:17:39;88;confidence:3}
9/01/2021;;16:17:44;90;confidence:2}
9/01/2021;;16:17:49;93;confidence:2}
9/01/2021;;16:17:54;95;confidence:3}
9/01/2021;;16:17:59;96;confidence:3}
9/01/2021;;16:18:09;100;confidence:1}
9/01/2021;;16:18:24;101;confidence:1}
9/01/2021;;16:18:34;103;confidence:1}
9/01/2021;;16:18:39;99;confidence:1}
9/01/2021;;16:18:49;104;confidence:1}
9/01/2021;;16:18:54;102;confidence:1}
9/01/2021;;16:18:59;103;confidence:1}
9/01/2021;;16:19:04;101;confidence:1}
9/01/2021;;16:19:09;98;confidence:1}
9/01/2021;;16:19:14;99;confidence:1}
9/01/2021;;16:19:19;98;confidence:1}
9/01/2021;;16:19:24;99;confidence:1}
9/01/2021;;16:19:29;101;confidence:1}
9/01/2021;;16:19:34;101;confidence:2}
9/01/2021;;16:19:44;102;confidence:2}
9/01/2021;;16:19:54;101;confidence:1}
9/01/2021;;16:19:59;100;confidence:1}
9/01/2021;;16:20:04;99;confidence:1}
9/01/2021;;16:20:19;101;confidence:1}
9/01/2021;;16:20:29;102;confidence:1}
9/01/2021;;16:20:34;100;confidence:1}
9/01/2021;;16:20:39;95;confidence:1}
9/01/2021;;16:20:44;94;confidence:1}
9/01/2021;;16:20:49;93;confidence:1}
9/01/2021;;16:20:54;94;confidence:1}
9/01/2021;;16:20:59;96;confidence:1}
9/01/2021;;16:21:04;97;confidence:1}
9/01/2021;;16:21:09;101;confidence:1}
9/01/2021;;16:21:14;104;confidence:1}
9/01/2021;;16:21:19;107;confidence:1}
9/01/2021;;16:21:24;101;confidence:1}
9/01/2021;;16:21:29;97;confidence:1}
9/01/2021;;16:21:34;93;confidence:1}
9/01/2021;;16:21:39;91;confidence:1}
9/01/2021;;16:21:44;89;confidence:1}
9/01/2021;;16:21:49;85;confidence:1}
9/01/2021;;16:21:54;84;confidence:1}
9/01/2021;;16:22:04;85;confidence:1}
9/01/2021;;16:22:09;83;confidence:2}
9/01/2021;;16:22:14;82;confidence:2}
9/01/2021;;16:22:19;80;confidence:2}
9/01/2021;;16:22:24;83;confidence:1}
9/01/2021;;16:22:34;82;confidence:2}
9/01/2021;;16:22:39;80;confidence:3}
9/01/2021;;16:22:44;78;confidence:3}
9/01/2021;;16:22:49;77;confidence:3}
9/01/2021;;16:22:54;79;confidence:3}
9/01/2021;;16:22:59;78;confidence:3}
9/01/2021;;16:23:04;75;confidence:3}
9/01/2021;;16:23:09;74;confidence:3}
9/01/2021;;16:23:14;74;confidence:2}
9/01/2021;;16:23:19;75;confidence:2}
9/01/2021;;16:23:24;74;confidence:1}
9/01/2021;;16:23:29;73;confidence:1}
9/01/2021;;16:23:34;78;confidence:1}
9/01/2021;;16:23:39;81;confidence:1}
9/01/2021;;16:23:49;79;confidence:1}
9/01/2021;;16:23:54;78;confidence:2}
9/01/2021;;16:23:59;78;confidence:1}
9/01/2021;;16:24:04;79;confidence:1}
9/01/2021;;16:24:14;79;confidence:2}
9/01/2021;;16:24:19;78;confidence:2}
9/01/2021;;16:24:24;76;confidence:1}
9/01/2021;;16:24:29;76;confidence:2}
9/01/2021;;16:24:39;75;confidence:2}
9/01/2021;;16:24:44;75;confidence:1}
9/01/2021;;16:24:49;76;confidence:1}
9/01/2021;;16:24:59;77;confidence:1}
9/01/2021;;16:25:09;78;confidence:1}
9/01/2021;;16:25:14;80;confidence:1}
9/01/2021;;16:25:24;79;confidence:1}
9/01/2021;;16:25:39;77;confidence:1}
9/01/2021;;16:25:44;74;confidence:1}
9/01/2021;;16:25:59;74;confidence:1}
9/01/2021;;16:26:09;75;confidence:1}
9/01/2021;;16:26:14;79;confidence:2}
9/01/2021;;16:26:19;79;confidence:1}
9/01/2021;;16:26:24;80;confidence:1}
9/01/2021;;16:26:39;81;confidence:1}
9/01/2021;;16:26:54;80;confidence:1}
9/01/2021;;16:26:59;81;confidence:1}
9/01/2021;;16:27:04;79;confidence:1}
9/01/2021;;16:27:09;76;confidence:1}
9/01/2021;;16:27:14;77;confidence:1}
9/01/2021;;16:27:19;76;confidence:1}
9/01/2021;;16:27:29;78;confidence:1}
9/01/2021;;16:27:34;80;confidence:1}
9/01/2021;;16:27:39;79;confidence:1}
9/01/2021;;16:27:49;81;confidence:1}
9/01/2021;;16:27:54;77;confidence:1}
9/01/2021;;16:27:59;76;confidence:1}
9/01/2021;;16:28:04;74;confidence:1}
9/01/2021;;16:28:14;73;confidence:1}
9/01/2021;;16:28:19;74;confidence:1}
9/01/2021;;16:28:34;76;confidence:1}
9/01/2021;;16:28:39;78;confidence:1}
9/01/2021;;16:28:44;74;confidence:1}
9/01/2021;;16:28:49;71;confidence:1}
9/01/2021;;16:28:54;73;confidence:1}
9/01/2021;;16:28:59;80;confidence:1}
9/01/2021;;16:29:04;79;confidence:1}
9/01/2021;;16:29:19;79;confidence:1}
9/01/2021;;16:29:24;80;confidence:1}
9/01/2021;;16:29:29;81;confidence:1}
9/01/2021;;16:29:34;85;confidence:1}
9/01/2021;;16:29:39;86;confidence:1}
9/01/2021;;16:29:44;84;confidence:1}
9/01/2021;;16:29:49;85;confidence:1}
9/01/2021;;16:29:54;86;confidence:1}
9/01/2021;;16:30:04;85;confidence:3}
9/01/2021;;16:30:09;81;confidence:3}
9/01/2021;;16:30:14;79;confidence:3}
9/01/2021;;16:30:19;79;confidence:1}
9/01/2021;;16:30:29;78;confidence:1}
9/01/2021;;16:30:44;78;confidence:1}
9/01/2021;;16:30:49;76;confidence:1}
9/01/2021;;16:30:59;75;confidence:1}
9/01/2021;;16:31:14;74;confidence:1}
9/01/2021;;16:31:19;73;confidence:1}
9/01/2021;;16:31:24;74;confidence:1}
9/01/2021;;16:31:29;76;confidence:1}
9/01/2021;;16:31:34;79;confidence:1}
9/01/2021;;16:31:39;79;confidence:2}
9/01/2021;;16:31:44;78;confidence:1}
9/01/2021;;16:31:49;77;confidence:1}
9/01/2021;;16:31:54;79;confidence:1}
9/01/2021;;16:32:04;80;confidence:1}
9/01/2021;;16:32:09;81;confidence:1}
9/01/2021;;16:32:14;79;confidence:1}
9/01/2021;;16:32:19;81;confidence:1}
9/01/2021;;16:32:24;79;confidence:1}
9/01/2021;;16:32:29;80;confidence:1}
9/01/2021;;16:32:34;79;confidence:1}
9/01/2021;;16:32:39;78;confidence:1}
9/01/2021;;16:32:49;79;confidence:1}
9/01/2021;;16:32:54;81;confidence:1}
9/01/2021;;16:33:09;82;confidence:1}
9/01/2021;;16:33:19;84;confidence:1}
9/01/2021;;16:33:24;83;confidence:1}
9/01/2021;;16:33:29;81;confidence:1}
9/01/2021;;16:33:34;79;confidence:1}
9/01/2021;;16:33:44;82;confidence:1}
9/01/2021;;16:33:49;85;confidence:1}
9/01/2021;;16:33:59;84;confidence:1}
9/01/2021;;16:34:04;82;confidence:1}
9/01/2021;;16:34:09;83;confidence:1}
9/01/2021;;16:34:14;84;confidence:1}
9/01/2021;;16:34:19;84;confidence:2}
9/01/2021;;16:34:29;82;confidence:2}
9/01/2021;;16:34:34;81;confidence:2}
9/01/2021;;16:34:39;82;confidence:2}
9/01/2021;;16:34:44;84;confidence:2}
9/01/2021;;16:34:49;85;confidence:1}
9/01/2021;;16:35:04;86;confidence:1}
9/01/2021;;16:35:14;85;confidence:1}
9/01/2021;;16:35:19;84;confidence:2}
9/01/2021;;16:35:24;83;confidence:1}
9/01/2021;;16:35:29;81;confidence:1}
9/01/2021;;16:35:39;82;confidence:1}
9/01/2021;;16:35:54;81;confidence:1}
9/01/2021;;16:36:04;79;confidence:1}
9/01/2021;;16:36:09;78;confidence:1}
9/01/2021;;16:36:14;77;confidence:1}
9/01/2021;;16:36:29;77;confidence:1}
9/01/2021;;16:36:34;78;confidence:1}
9/01/2021;;16:36:39;84;confidence:1}
9/01/2021;;16:36:49;85;confidence:1}
9/01/2021;;16:36:54;87;confidence:1}
9/01/2021;;16:36:59;88;confidence:1}
9/01/2021;;16:37:04;91;confidence:1}
9/01/2021;;16:37:09;93;confidence:1}
9/01/2021;;16:37:14;91;confidence:1}
9/01/2021;;16:37:19;92;confidence:1}
9/01/2021;;16:37:24;99;confidence:1}
9/01/2021;;16:37:29;98;confidence:1}
9/01/2021;;16:37:34;103;confidence:1}
9/01/2021;;16:37:39;106;confidence:1}
9/01/2021;;16:37:44;105;confidence:1}
9/01/2021;;16:37:49;98;confidence:1}
9/01/2021;;16:37:59;97;confidence:1}
9/01/2021;;16:38:04;93;confidence:1}
9/01/2021;;16:38:09;95;confidence:1}
9/01/2021;;16:38:14;96;confidence:1}
9/01/2021;;16:38:19;98;confidence:1}
9/01/2021;;16:38:24;99;confidence:2}
9/01/2021;;16:38:29;101;confidence:2}
9/01/2021;;16:38:34;100;confidence:2}
9/01/2021;;16:38:44;101;confidence:2}
9/01/2021;;16:38:49;99;confidence:2}
9/01/2021;;16:38:54;95;confidence:2}
9/01/2021;;16:38:59;92;confidence:1}
9/01/2021;;16:39:04;88;confidence:1}
9/01/2021;;16:39:14;92;confidence:1}
9/01/2021;;16:39:19;87;confidence:1}
9/01/2021;;16:39:24;83;confidence:1}
9/01/2021;;16:39:39;86;confidence:1}
9/01/2021;;16:39:44;90;confidence:1}
9/01/2021;;16:39:49;92;confidence:1}
9/01/2021;;16:39:54;95;confidence:1}
9/01/2021;;16:40:04;96;confidence:1}
9/01/2021;;16:40:14;98;confidence:1}
9/01/2021;;16:40:24;96;confidence:1}
9/01/2021;;16:40:29;97;confidence:1}
9/01/2021;;16:40:34;96;confidence:1}
9/01/2021;;16:40:44;95;confidence:1}
9/01/2021;;16:40:49;93;confidence:1}
9/01/2021;;16:40:54;95;confidence:1}
9/01/2021;;16:40:59;88;confidence:1}
9/01/2021;;16:41:04;84;confidence:1}
9/01/2021;;16:41:09;83;confidence:1}
9/01/2021;;16:41:14;88;confidence:1}
9/01/2021;;16:41:19;88;confidence:2}
9/01/2021;;16:41:24;89;confidence:1}
9/01/2021;;16:41:29;90;confidence:1}
9/01/2021;;16:41:44;91;confidence:1}
9/01/2021;;16:41:49;88;confidence:1}
9/01/2021;;16:41:54;87;confidence:1}
9/01/2021;;16:41:59;93;confidence:1}
9/01/2021;;16:42:04;98;confidence:1}
9/01/2021;;16:42:14;106;confidence:2}
9/01/2021;;16:42:19;108;confidence:1}
9/01/2021;;16:42:24;111;confidence:1}
9/01/2021;;16:42:34;108;confidence:1}
9/01/2021;;16:42:39;106;confidence:1}
9/01/2021;;16:42:44;102;confidence:1}
9/01/2021;;16:42:49;98;confidence:1}
9/01/2021;;16:42:54;97;confidence:1}
9/01/2021;;16:43:04;100;confidence:1}
9/01/2021;;16:43:09;102;confidence:1}
9/01/2021;;16:43:14;101;confidence:1}
9/01/2021;;16:43:24;103;confidence:1}
9/01/2021;;16:43:29;105;confidence:1}
9/01/2021;;16:43:44;103;confidence:1}
9/01/2021;;16:43:49;102;confidence:1}
9/01/2021;;16:43:54;101;confidence:1}
9/01/2021;;16:43:59;99;confidence:1}
9/01/2021;;16:44:04;93;confidence:1}
9/01/2021;;16:44:09;95;confidence:1}
9/01/2021;;16:44:14;91;confidence:1}
9/01/2021;;16:44:19;89;confidence:2}
9/01/2021;;16:44:24;91;confidence:2}
9/01/2021;;16:44:29;92;confidence:2}
9/01/2021;;16:44:34;91;confidence:1}
9/01/2021;;16:44:39;85;confidence:1}
9/01/2021;;16:44:44;80;confidence:2}
9/01/2021;;16:44:49;80;confidence:1}
9/01/2021;;16:44:54;82;confidence:2}
9/01/2021;;16:44:59;82;confidence:1}
9/01/2021;;16:45:04;83;confidence:1}
9/01/2021;;16:45:09;85;confidence:1}
9/01/2021;;16:45:14;87;confidence:1}
9/01/2021;;16:45:19;85;confidence:1}
9/01/2021;;16:45:24;82;confidence:1}
9/01/2021;;16:45:29;84;confidence:1}
9/01/2021;;16:45:34;82;confidence:1}
9/01/2021;;16:45:44;80;confidence:1}
9/01/2021;;16:45:54;83;confidence:1}
9/01/2021;;16:45:59;80;confidence:1}
9/01/2021;;16:46:04;81;confidence:1}
9/01/2021;;16:46:09;80;confidence:1}
9/01/2021;;16:46:14;82;confidence:1}
9/01/2021;;16:46:19;81;confidence:1}
9/01/2021;;16:46:24;83;confidence:1}
9/01/2021;;16:46:29;82;confidence:1}
9/01/2021;;16:46:34;83;confidence:1}
9/01/2021;;16:46:39;81;confidence:1}
9/01/2021;;17:35:23;77;confidence:0}
9/01/2021;;18:48:30;65;confidence:0}
9/01/2021;;18:48:40;70;confidence:1}
9/01/2021;;18:48:50;79;confidence:1}
9/01/2021;;18:48:55;78;confidence:1}
9/01/2021;;18:49:00;80;confidence:1}
9/01/2021;;18:49:05;81;confidence:1}
9/01/2021;;18:49:10;76;confidence:1}
9/01/2021;;18:49:20;78;confidence:1}
9/01/2021;;18:49:25;76;confidence:1}
9/01/2021;;18:49:30;79;confidence:1}
9/01/2021;;18:49:40;80;confidence:1}
9/01/2021;;18:49:45;79;confidence:1}
9/01/2021;;18:49:55;77;confidence:1}
9/01/2021;;18:50:00;75;confidence:1}
9/01/2021;;18:50:05;73;confidence:2}
9/01/2021;;18:50:10;74;confidence:2}
9/01/2021;;18:50:15;73;confidence:2}
9/01/2021;;18:50:20;73;confidence:1}
9/01/2021;;18:50:30;72;confidence:1}
9/01/2021;;18:50:35;75;confidence:1}
9/01/2021;;18:50:40;72;confidence:1}
9/01/2021;;18:50:50;70;confidence:2}
9/01/2021;;18:50:55;71;confidence:2}
9/01/2021;;18:51:00;70;confidence:3}
9/01/2021;;18:51:15;71;confidence:3}
9/01/2021;;18:51:25;73;confidence:2}
9/01/2021;;18:51:30;73;confidence:2}
9/01/2021;;18:51:40;71;confidence:3}
9/01/2021;;18:51:45;68;confidence:3}
9/01/2021;;18:51:50;70;confidence:2}
9/01/2021;;18:51:55;72;confidence:1}
9/01/2021;;18:52:00;72;confidence:3}
9/01/2021;;18:52:05;71;confidence:3}
9/01/2021;;18:52:10;70;confidence:3}
9/01/2021;;18:52:15;72;confidence:2}
9/01/2021;;18:52:20;73;confidence:3}
9/01/2021;;18:52:25;74;confidence:1}
9/01/2021;;18:52:35;75;confidence:1}
9/01/2021;;18:52:40;78;confidence:3}
9/01/2021;;18:52:45;76;confidence:1}
9/01/2021;;18:52:50;74;confidence:1}
9/01/2021;;18:52:55;73;confidence:1}
9/01/2021;;18:53:05;72;confidence:2}
9/01/2021;;18:53:15;73;confidence:1}
9/01/2021;;18:53:25;75;confidence:1}
9/01/2021;;18:53:30;76;confidence:1}
9/01/2021;;18:53:40;76;confidence:2}
9/01/2021;;18:53:45;74;confidence:2}
9/01/2021;;18:53:55;74;confidence:1}
9/01/2021;;18:54:01;74;confidence:1}
9/01/2021;;18:54:06;74;confidence:2}
9/01/2021;;18:54:21;74;confidence:2}
9/01/2021;;18:54:36;74;confidence:2}
9/01/2021;;18:54:46;75;confidence:2}
9/01/2021;;18:54:56;74;confidence:2}
9/01/2021;;18:55:06;72;confidence:2}
9/01/2021;;18:55:16;69;confidence:2}
9/01/2021;;18:55:21;70;confidence:2}
9/01/2021;;18:55:31;72;confidence:2}
9/01/2021;;18:55:36;73;confidence:2}
9/01/2021;;18:55:46;74;confidence:2}
9/01/2021;;18:56:01;75;confidence:2}
9/01/2021;;18:56:06;78;confidence:2}
9/01/2021;;18:56:11;79;confidence:2}
9/01/2021;;18:56:21;78;confidence:2}
9/01/2021;;18:56:26;77;confidence:2}
9/01/2021;;18:56:41;76;confidence:2}
9/01/2021;;18:56:56;75;confidence:2}
9/01/2021;;18:57:01;72;confidence:2}
9/01/2021;;18:57:11;71;confidence:2}
9/01/2021;;18:57:21;73;confidence:2}
9/01/2021;;18:57:26;75;confidence:2}
9/01/2021;;18:57:41;75;confidence:2}
9/01/2021;;18:57:46;76;confidence:2}
9/01/2021;;18:57:51;77;confidence:2}
9/01/2021;;18:58:06;76;confidence:2}
9/01/2021;;18:58:11;76;confidence:2}
9/01/2021;;18:58:21;75;confidence:2}
9/01/2021;;18:58:26;73;confidence:3}
9/01/2021;;18:58:31;72;confidence:2}
9/01/2021;;18:58:41;73;confidence:1}
9/01/2021;;18:58:46;75;confidence:1}
9/01/2021;;18:58:51;75;confidence:2}
9/01/2021;;18:58:56;74;confidence:2}
9/01/2021;;18:59:01;73;confidence:3}
9/01/2021;;18:59:06;70;confidence:3}
9/01/2021;;18:59:11;69;confidence:3}
9/01/2021;;18:59:16;70;confidence:3}
9/01/2021;;18:59:21;71;confidence:3}
9/01/2021;;18:59:36;71;confidence:3}
9/01/2021;;18:59:41;72;confidence:3}
9/01/2021;;18:59:46;72;confidence:2}
9/01/2021;;18:59:51;71;confidence:3}
9/01/2021;;18:59:56;70;confidence:3}
9/01/2021;;19:00:06;72;confidence:3}
9/01/2021;;19:00:11;71;confidence:2}
9/01/2021;;19:00:16;72;confidence:2}
9/01/2021;;19:00:21;74;confidence:2}
9/01/2021;;19:00:36;74;confidence:2}
9/01/2021;;19:00:46;73;confidence:2}
9/01/2021;;19:01:01;72;confidence:2}
9/01/2021;;19:01:06;71;confidence:2}
9/01/2021;;19:01:11;72;confidence:2}
9/01/2021;;19:01:16;72;confidence:1}
9/01/2021;;19:01:21;74;confidence:2}
9/01/2021;;19:01:26;75;confidence:2}
9/01/2021;;19:01:36;75;confidence:1}
9/01/2021;;19:01:41;75;confidence:2}
9/01/2021;;19:01:56;75;confidence:2}
9/01/2021;;19:02:01;74;confidence:2}
9/01/2021;;19:02:11;75;confidence:2}
9/01/2021;;19:02:26;74;confidence:2}
9/01/2021;;19:02:31;70;confidence:3}
9/01/2021;;19:02:36;69;confidence:3}
9/01/2021;;19:02:41;69;confidence:2}
9/01/2021;;19:02:56;69;confidence:2}
9/01/2021;;19:03:01;72;confidence:3}
9/01/2021;;19:03:06;73;confidence:3}
9/01/2021;;19:03:21;75;confidence:3}
9/01/2021;;19:03:36;74;confidence:3}
9/01/2021;;19:03:46;73;confidence:3}
9/01/2021;;19:03:51;73;confidence:2}
9/01/2021;;19:03:56;73;confidence:3}
9/01/2021;;19:04:06;72;confidence:3}
9/01/2021;;19:04:21;72;confidence:2}
9/01/2021;;19:04:36;73;confidence:3}
9/01/2021;;19:04:41;75;confidence:3}
9/01/2021;;19:04:46;77;confidence:3}
9/01/2021;;19:04:51;78;confidence:2}
9/01/2021;;19:05:06;78;confidence:2}
9/01/2021;;19:05:11;78;confidence:2}
9/01/2021;;19:05:21;77;confidence:2}
9/01/2021;;19:05:26;73;confidence:2}
9/01/2021;;19:05:36;70;confidence:2}
9/01/2021;;19:05:41;74;confidence:3}
9/01/2021;;19:05:46;73;confidence:3}
9/01/2021;;19:05:51;73;confidence:2}
9/01/2021;;19:05:56;71;confidence:2}
9/01/2021;;19:06:11;72;confidence:2}
9/01/2021;;19:06:16;73;confidence:2}
9/01/2021;;19:06:21;74;confidence:2}
9/01/2021;;19:06:36;75;confidence:2}
9/01/2021;;19:06:46;76;confidence:2}
9/01/2021;;19:07:01;77;confidence:2}
9/01/2021;;19:07:16;77;confidence:2}
9/01/2021;;19:07:21;79;confidence:2}
9/01/2021;;19:07:26;78;confidence:2}
9/01/2021;;19:07:31;76;confidence:2}
9/01/2021;;19:07:36;74;confidence:2}
9/01/2021;;19:07:41;71;confidence:2}
9/01/2021;;19:07:46;70;confidence:2}
9/01/2021;;19:07:51;71;confidence:2}
9/01/2021;;19:08:06;71;confidence:2}
9/01/2021;;19:08:11;72;confidence:2}
9/01/2021;;19:08:16;73;confidence:2}
9/01/2021;;19:08:26;74;confidence:2}
9/01/2021;;19:08:31;75;confidence:2}
9/01/2021;;19:08:36;74;confidence:2}
9/01/2021;;19:08:51;75;confidence:2}
9/01/2021;;19:08:56;72;confidence:2}
9/01/2021;;19:09:01;71;confidence:3}
9/01/2021;;19:09:06;70;confidence:2}
9/01/2021;;19:09:11;71;confidence:2}
9/01/2021;;19:09:26;71;confidence:2}
9/01/2021;;19:09:36;70;confidence:2}
9/01/2021;;19:09:51;70;confidence:2}
9/01/2021;;19:10:06;70;confidence:1}
9/01/2021;;19:10:11;71;confidence:1}
9/01/2021;;19:10:16;72;confidence:1}
9/01/2021;;19:10:21;73;confidence:1}
9/01/2021;;19:10:31;75;confidence:1}
9/01/2021;;19:10:36;76;confidence:2}
9/01/2021;;19:10:41;77;confidence:2}
9/01/2021;;19:10:46;78;confidence:2}
9/01/2021;;19:11:01;77;confidence:2}
9/01/2021;;19:11:06;76;confidence:2}
9/01/2021;;19:11:16;75;confidence:2}
9/01/2021;;19:11:21;76;confidence:2}
9/01/2021;;19:11:26;77;confidence:2}
9/01/2021;;19:11:31;77;confidence:1}
9/01/2021;;19:11:46;78;confidence:1}
9/01/2021;;19:11:51;79;confidence:1}
9/01/2021;;19:12:06;80;confidence:1}
9/01/2021;;19:12:11;79;confidence:1}
9/01/2021;;19:12:16;80;confidence:1}
9/01/2021;;19:12:21;81;confidence:1}
9/01/2021;;19:12:26;82;confidence:1}
9/01/2021;;19:12:31;81;confidence:1}
9/01/2021;;19:12:36;83;confidence:1}
9/01/2021;;19:12:41;84;confidence:1}
9/01/2021;;19:12:51;82;confidence:2}
9/01/2021;;19:12:56;80;confidence:2}
9/01/2021;;19:13:01;78;confidence:3}
9/01/2021;;19:13:06;75;confidence:3}
9/01/2021;;19:13:11;74;confidence:2}
9/01/2021;;19:13:16;71;confidence:2}
9/01/2021;;19:13:21;70;confidence:1}
9/01/2021;;19:13:31;73;confidence:1}
9/01/2021;;19:13:36;76;confidence:1}
9/01/2021;;19:13:51;77;confidence:1}
9/01/2021;;19:14:06;76;confidence:1}
9/01/2021;;19:14:11;77;confidence:1}
9/01/2021;;19:14:16;79;confidence:1}
9/01/2021;;19:14:26;79;confidence:2}
9/01/2021;;19:14:31;78;confidence:2}
9/01/2021;;19:14:36;77;confidence:1}
9/01/2021;;19:14:46;79;confidence:1}
9/01/2021;;19:14:51;78;confidence:1}
9/01/2021;;19:14:56;78;confidence:2}
9/01/2021;;19:15:01;77;confidence:1}
9/01/2021;;19:15:11;78;confidence:1}
9/01/2021;;19:15:16;79;confidence:1}
9/01/2021;;19:15:21;80;confidence:1}
9/01/2021;;19:15:26;79;confidence:1}
9/01/2021;;19:15:31;80;confidence:2}
9/01/2021;;19:15:36;81;confidence:2}
9/01/2021;;19:15:41;79;confidence:1}
9/01/2021;;19:15:46;77;confidence:1}
9/01/2021;;19:16:01;79;confidence:1}
9/01/2021;;19:16:11;80;confidence:1}
9/01/2021;;19:16:16;78;confidence:1}
9/01/2021;;19:16:21;77;confidence:1}
9/01/2021;;19:16:31;81;confidence:1}
9/01/2021;;19:16:36;77;confidence:2}
9/01/2021;;19:16:41;79;confidence:2}
9/01/2021;;19:16:46;79;confidence:1}
9/01/2021;;19:16:51;76;confidence:1}
9/01/2021;;19:16:56;77;confidence:1}
9/01/2021;;19:17:06;79;confidence:1}
9/01/2021;;19:17:11;80;confidence:1}
9/01/2021;;19:17:16;79;confidence:1}
9/01/2021;;19:17:21;80;confidence:1}
9/01/2021;;19:17:26;80;confidence:3}
9/01/2021;;19:17:31;79;confidence:3}
9/01/2021;;19:17:36;77;confidence:3}
9/01/2021;;19:17:41;73;confidence:3}
9/01/2021;;19:17:46;72;confidence:2}
9/01/2021;;19:18:01;72;confidence:2}
9/01/2021;;19:18:06;72;confidence:1}
9/01/2021;;19:18:16;73;confidence:1}
9/01/2021;;19:18:21;75;confidence:1}
9/01/2021;;19:18:36;76;confidence:1}
9/01/2021;;19:18:41;77;confidence:1}
9/01/2021;;19:18:46;78;confidence:1}
9/01/2021;;19:18:51;79;confidence:1}
9/01/2021;;19:19:01;78;confidence:1}
9/01/2021;;19:19:06;75;confidence:1}
9/01/2021;;19:19:11;76;confidence:1}
9/01/2021;;19:19:16;75;confidence:1}
9/01/2021;;19:19:21;77;confidence:1}
9/01/2021;;19:19:31;80;confidence:1}
9/01/2021;;19:19:36;82;confidence:1}
9/01/2021;;19:19:46;83;confidence:1}
9/01/2021;;19:20:01;84;confidence:1}
9/01/2021;;19:20:06;83;confidence:1}
9/01/2021;;19:20:11;82;confidence:3}
9/01/2021;;19:20:16;81;confidence:2}
9/01/2021;;19:20:21;77;confidence:1}
9/01/2021;;19:20:26;76;confidence:1}
9/01/2021;;19:20:31;77;confidence:1}
9/01/2021;;19:20:36;78;confidence:2}
9/01/2021;;19:20:41;78;confidence:1}
9/01/2021;;19:20:46;77;confidence:1}
9/01/2021;;19:20:56;76;confidence:1}
9/01/2021;;19:21:01;78;confidence:1}
9/01/2021;;19:21:06;77;confidence:1}
9/01/2021;;19:21:11;76;confidence:2}
9/01/2021;;19:21:16;76;confidence:1}
9/01/2021;;19:21:21;73;confidence:1}
9/01/2021;;19:21:26;76;confidence:1}
9/01/2021;;19:21:31;78;confidence:1}
9/01/2021;;19:21:36;80;confidence:1}
9/01/2021;;19:21:41;82;confidence:1}
9/01/2021;;19:21:46;83;confidence:1}
9/01/2021;;19:21:51;85;confidence:1}
9/01/2021;;19:21:56;86;confidence:1}
9/01/2021;;19:22:01;84;confidence:1}
9/01/2021;;19:22:06;83;confidence:1}
9/01/2021;;19:22:11;81;confidence:1}
9/01/2021;;19:22:16;82;confidence:1}
9/01/2021;;19:22:26;81;confidence:1}
9/01/2021;;19:22:31;84;confidence:1}
9/01/2021;;19:22:36;80;confidence:1}
9/01/2021;;19:22:46;79;confidence:1}
9/01/2021;;19:22:51;78;confidence:1}
9/01/2021;;19:22:56;79;confidence:1}
9/01/2021;;19:23:06;76;confidence:1}
9/01/2021;;19:23:11;77;confidence:1}
9/01/2021;;19:23:16;79;confidence:1}
9/01/2021;;19:23:26;83;confidence:1}
9/01/2021;;19:23:31;82;confidence:1}
9/01/2021;;19:23:36;80;confidence:3}
9/01/2021;;19:23:41;79;confidence:3}
9/01/2021;;19:23:46;77;confidence:2}
9/01/2021;;19:23:51;76;confidence:1}
9/01/2021;;19:24:01;78;confidence:1}
9/01/2021;;19:24:11;79;confidence:1}
9/01/2021;;19:24:16;80;confidence:1}
9/01/2021;;19:24:21;81;confidence:1}
9/01/2021;;19:24:36;82;confidence:1}
9/01/2021;;19:24:41;83;confidence:1}
9/01/2021;;19:24:46;83;confidence:2}
9/01/2021;;19:24:51;80;confidence:1}
9/01/2021;;19:24:56;78;confidence:1}
9/01/2021;;19:25:01;80;confidence:1}
9/01/2021;;19:25:06;81;confidence:1}
9/01/2021;;19:25:11;77;confidence:2}
9/01/2021;;19:25:16;75;confidence:2}
9/01/2021;;19:25:21;74;confidence:1}
9/01/2021;;19:25:26;73;confidence:1}
9/01/2021;;19:25:31;77;confidence:1}
9/01/2021;;19:25:36;78;confidence:1}
9/01/2021;;19:25:41;76;confidence:1}
9/01/2021;;19:25:46;77;confidence:1}
9/01/2021;;19:25:51;75;confidence:1}
9/01/2021;;19:25:56;77;confidence:1}
9/01/2021;;19:26:06;78;confidence:1}
9/01/2021;;19:26:11;80;confidence:1}
9/01/2021;;19:26:16;79;confidence:1}
9/01/2021;;19:26:21;82;confidence:1}
9/01/2021;;19:26:26;81;confidence:1}
9/01/2021;;19:26:31;80;confidence:1}
9/01/2021;;19:26:41;81;confidence:1}
9/01/2021;;19:26:46;80;confidence:1}
9/01/2021;;19:26:51;79;confidence:1}
9/01/2021;;19:26:56;80;confidence:1}
9/01/2021;;19:27:06;81;confidence:1}
9/01/2021;;19:27:11;80;confidence:1}
9/01/2021;;19:27:16;82;confidence:1}
9/01/2021;;19:27:21;79;confidence:1}
9/01/2021;;19:27:26;81;confidence:1}
9/01/2021;;19:27:31;77;confidence:1}
9/01/2021;;19:27:36;78;confidence:1}
9/01/2021;;19:27:41;76;confidence:1}
9/01/2021;;19:27:46;75;confidence:1}
9/01/2021;;19:27:51;77;confidence:1}
9/01/2021;;19:27:56;76;confidence:1}
9/01/2021;;19:28:01;77;confidence:2}
9/01/2021;;19:28:06;76;confidence:2}
9/01/2021;;19:28:11;77;confidence:2}
9/01/2021;;19:28:16;76;confidence:2}
9/01/2021;;19:28:21;77;confidence:1}
9/01/2021;;19:28:26;78;confidence:1}
9/01/2021;;19:28:31;79;confidence:1}
9/01/2021;;19:28:36;80;confidence:1}
9/01/2021;;19:28:41;81;confidence:1}
9/01/2021;;19:28:46;82;confidence:1}
9/01/2021;;19:28:51;83;confidence:1}
9/01/2021;;19:28:56;85;confidence:1}
9/01/2021;;19:29:01;84;confidence:1}
9/01/2021;;19:29:06;85;confidence:1}
9/01/2021;;19:29:16;82;confidence:1}
9/01/2021;;19:29:21;85;confidence:1}
9/01/2021;;19:29:26;84;confidence:1}
9/01/2021;;19:29:31;85;confidence:2}
9/01/2021;;19:29:36;80;confidence:2}
9/01/2021;;19:29:41;76;confidence:2}
9/01/2021;;19:29:46;78;confidence:2}
9/01/2021;;19:29:51;75;confidence:3}
9/01/2021;;19:29:56;70;confidence:1}
9/01/2021;;19:30:01;71;confidence:1}
9/01/2021;;19:30:06;76;confidence:1}
9/01/2021;;19:30:11;77;confidence:1}
9/01/2021;;19:30:16;79;confidence:1}
9/01/2021;;19:30:21;80;confidence:1}
9/01/2021;;19:30:31;81;confidence:1}
9/01/2021;;19:30:36;82;confidence:1}
9/01/2021;;19:30:41;81;confidence:1}
9/01/2021;;19:30:51;80;confidence:1}
9/01/2021;;19:30:56;82;confidence:1}
9/01/2021;;19:31:06;83;confidence:1}
9/01/2021;;19:31:16;82;confidence:1}
9/01/2021;;19:31:26;81;confidence:1}
9/01/2021;;19:31:31;80;confidence:1}
9/01/2021;;19:31:36;81;confidence:1}
9/01/2021;;19:31:41;83;confidence:1}
9/01/2021;;19:31:46;82;confidence:1}
9/01/2021;;19:31:51;84;confidence:1}
9/01/2021;;19:31:56;86;confidence:1}
9/01/2021;;19:32:01;87;confidence:1}
9/01/2021;;19:32:06;85;confidence:1}
9/01/2021;;19:32:11;84;confidence:1}
9/01/2021;;19:32:16;83;confidence:1}
9/01/2021;;19:32:21;82;confidence:1}
9/01/2021;;19:32:26;77;confidence:2}
9/01/2021;;19:32:31;76;confidence:2}
9/01/2021;;19:32:36;77;confidence:2}
9/01/2021;;19:32:41;72;confidence:3}
9/01/2021;;19:32:46;74;confidence:2}
9/01/2021;;19:32:51;76;confidence:2}
9/01/2021;;19:32:56;78;confidence:1}
9/01/2021;;19:33:01;77;confidence:1}
9/01/2021;;19:33:11;76;confidence:3}
9/01/2021;;19:33:16;73;confidence:1}
9/01/2021;;19:33:31;73;confidence:1}
9/01/2021;;19:33:36;71;confidence:3}
9/01/2021;;19:33:41;70;confidence:3}
9/01/2021;;19:33:46;72;confidence:3}
9/01/2021;;19:33:56;73;confidence:2}
9/01/2021;;19:34:01;74;confidence:1}
9/01/2021;;19:34:06;74;confidence:2}
9/01/2021;;19:34:11;75;confidence:1}
9/01/2021;;19:34:21;78;confidence:1}
9/01/2021;;19:34:26;79;confidence:1}
9/01/2021;;19:34:31;80;confidence:1}
9/01/2021;;19:34:36;79;confidence:1}
9/01/2021;;19:34:41;78;confidence:3}
9/01/2021;;19:34:46;76;confidence:3}
9/01/2021;;19:34:51;74;confidence:3}
9/01/2021;;19:34:56;74;confidence:1}
9/01/2021;;19:35:06;72;confidence:1}
9/01/2021;;19:35:11;72;confidence:3}
9/01/2021;;19:35:16;73;confidence:1}
9/01/2021;;19:35:21;74;confidence:1}
9/01/2021;;19:35:26;76;confidence:1}
9/01/2021;;19:35:31;73;confidence:1}
9/01/2021;;19:35:41;73;confidence:2}
9/01/2021;;19:35:46;75;confidence:3}
9/01/2021;;19:35:51;76;confidence:2}
9/01/2021;;19:36:06;76;confidence:2}
9/01/2021;;19:36:11;78;confidence:2}
9/01/2021;;19:36:16;79;confidence:2}
9/01/2021;;19:36:21;79;confidence:1}
9/01/2021;;19:36:26;81;confidence:1}
9/01/2021;;19:36:36;81;confidence:2}
9/01/2021;;19:36:41;79;confidence:1}
9/01/2021;;19:36:51;79;confidence:2}
9/01/2021;;19:36:56;79;confidence:1}
9/01/2021;;19:37:01;78;confidence:1}
9/01/2021;;19:37:06;79;confidence:2}
9/01/2021;;19:37:11;80;confidence:2}
9/01/2021;;19:37:16;80;confidence:1}
9/01/2021;;19:37:21;81;confidence:1}
9/01/2021;;19:37:31;80;confidence:1}
9/01/2021;;19:37:36;79;confidence:1}
9/01/2021;;19:37:41;77;confidence:1}
9/01/2021;;19:37:46;75;confidence:1}
9/01/2021;;19:37:51;76;confidence:1}
9/01/2021;;19:38:01;77;confidence:1}
9/01/2021;;19:38:06;78;confidence:2}
9/01/2021;;19:38:11;79;confidence:2}
9/01/2021;;19:38:16;78;confidence:2}
9/01/2021;;19:38:21;77;confidence:1}
9/01/2021;;19:38:26;75;confidence:2}
9/01/2021;;19:38:41;75;confidence:1}
9/01/2021;;19:38:51;76;confidence:1}
9/01/2021;;19:38:56;76;confidence:2}
9/01/2021;;19:39:11;77;confidence:2}
9/01/2021;;19:39:21;76;confidence:2}
9/01/2021;;19:39:26;74;confidence:3}
9/01/2021;;19:39:31;72;confidence:2}
9/01/2021;;19:39:41;73;confidence:2}
9/01/2021;;19:39:46;72;confidence:1}
9/01/2021;;19:39:51;73;confidence:1}
9/01/2021;;19:39:56;74;confidence:3}
9/01/2021;;19:40:11;73;confidence:3}
9/01/2021;;19:40:16;72;confidence:3}
9/01/2021;;19:40:21;73;confidence:3}
9/01/2021;;19:40:26;72;confidence:3}
9/01/2021;;19:40:31;73;confidence:3}
9/01/2021;;19:40:36;74;confidence:3}
9/01/2021;;19:40:41;75;confidence:1}
9/01/2021;;19:40:51;78;confidence:1}
9/01/2021;;19:40:56;82;confidence:1}
9/01/2021;;19:41:01;81;confidence:1}
9/01/2021;;19:41:06;83;confidence:1}
9/01/2021;;19:41:11;82;confidence:1}
9/01/2021;;19:41:16;78;confidence:1}
9/01/2021;;19:41:21;73;confidence:1}
9/01/2021;;19:41:36;75;confidence:1}
9/01/2021;;19:41:42;77;confidence:0}
9/01/2021;;19:41:47;78;confidence:0}
9/01/2021;;19:41:52;81;confidence:0}
9/01/2021;;19:41:57;86;confidence:1}
9/01/2021;;19:42:02;88;confidence:1}
9/01/2021;;19:42:12;89;confidence:1}
9/01/2021;;19:42:22;90;confidence:0}
9/01/2021;;19:42:37;90;confidence:1}
9/01/2021;;19:42:42;89;confidence:1}
9/01/2021;;19:42:47;85;confidence:1}
9/01/2021;;19:42:52;82;confidence:1}
9/01/2021;;19:42:57;73;confidence:2}
9/01/2021;;19:43:02;71;confidence:1}
9/01/2021;;19:43:12;73;confidence:1}
9/01/2021;;19:43:17;72;confidence:2}
9/01/2021;;19:43:22;72;confidence:3}
9/01/2021;;19:43:27;71;confidence:1}
9/01/2021;;19:43:32;70;confidence:1}
9/01/2021;;19:43:42;71;confidence:2}
9/01/2021;;19:43:47;73;confidence:2}
9/01/2021;;19:43:52;72;confidence:2}
9/01/2021;;19:43:57;69;confidence:2}
9/01/2021;;19:44:02;69;confidence:3}
9/01/2021;;19:44:12;69;confidence:2}
9/01/2021;;19:44:17;70;confidence:2}
9/01/2021;;19:44:22;72;confidence:1}
9/01/2021;;19:44:27;74;confidence:1}
9/01/2021;;19:44:32;71;confidence:1}
9/01/2021;;19:44:37;70;confidence:1}
9/01/2021;;19:44:42;72;confidence:1}
9/01/2021;;19:44:52;71;confidence:1}
9/01/2021;;19:44:57;70;confidence:1}
9/01/2021;;19:45:02;70;confidence:1}
9/01/2021;;19:45:17;71;confidence:1}
9/01/2021;;19:45:32;72;confidence:1}
9/01/2021;;19:45:42;69;confidence:1}
9/01/2021;;19:45:47;67;confidence:1}
9/01/2021;;19:45:57;71;confidence:1}
9/01/2021;;19:46:02;69;confidence:1}
9/01/2021;;19:46:07;68;confidence:1}
9/01/2021;;19:46:12;67;confidence:1}
9/01/2021;;19:46:17;70;confidence:1}
9/01/2021;;19:46:32;70;confidence:1}
9/01/2021;;19:46:37;71;confidence:1}
9/01/2021;;19:46:42;72;confidence:1}
9/01/2021;;19:46:52;72;confidence:2}
9/01/2021;;19:47:07;72;confidence:2}
9/01/2021;;19:47:22;72;confidence:2}
9/01/2021;;19:47:27;70;confidence:3}
9/01/2021;;19:47:37;71;confidence:3}
9/01/2021;;19:47:42;73;confidence:3}
9/01/2021;;19:47:47;73;confidence:2}
9/01/2021;;19:47:52;72;confidence:3}
9/01/2021;;19:48:02;72;confidence:2}
9/01/2021;;19:48:07;71;confidence:2}
9/01/2021;;19:48:12;71;confidence:3}
9/01/2021;;19:48:27;71;confidence:2}
9/01/2021;;19:48:37;71;confidence:3}
9/01/2021;;19:48:52;73;confidence:3}
9/01/2021;;19:48:57;74;confidence:3}
9/01/2021;;19:49:02;73;confidence:3}
9/01/2021;;19:49:07;74;confidence:3}
9/01/2021;;19:49:12;75;confidence:3}
9/01/2021;;19:49:17;74;confidence:3}
9/01/2021;;19:49:22;73;confidence:3}
9/01/2021;;19:49:27;72;confidence:3}
9/01/2021;;19:49:32;71;confidence:3}
9/01/2021;;19:49:37;72;confidence:3}
9/01/2021;;19:49:52;72;confidence:3}
9/01/2021;;19:50:02;72;confidence:1}
9/01/2021;;19:50:17;71;confidence:1}
9/01/2021;;19:50:22;70;confidence:1}
9/01/2021;;19:50:32;71;confidence:1}
9/01/2021;;19:50:37;75;confidence:1}
9/01/2021;;19:50:42;77;confidence:1}
9/01/2021;;19:50:47;79;confidence:1}
9/01/2021;;19:50:57;79;confidence:3}
9/01/2021;;19:51:02;77;confidence:3}
9/01/2021;;19:51:07;75;confidence:3}
9/01/2021;;19:51:12;72;confidence:2}
9/01/2021;;19:51:22;73;confidence:2}
9/01/2021;;19:51:27;73;confidence:3}
9/01/2021;;19:51:37;72;confidence:3}
9/01/2021;;19:51:42;71;confidence:3}
9/01/2021;;19:51:52;71;confidence:2}
9/01/2021;;19:52:02;73;confidence:1}
9/01/2021;;19:52:07;73;confidence:1}
9/01/2021;;19:52:12;75;confidence:1}
9/01/2021;;19:52:17;77;confidence:1}
9/01/2021;;19:52:22;75;confidence:1}
9/01/2021;;19:52:27;74;confidence:2}
9/01/2021;;19:52:32;71;confidence:1}
9/01/2021;;19:52:47;71;confidence:1}
9/01/2021;;19:52:52;73;confidence:1}
9/01/2021;;19:52:57;75;confidence:1}
9/01/2021;;19:53:02;74;confidence:3}
9/01/2021;;19:53:07;74;confidence:2}
9/01/2021;;19:53:12;72;confidence:2}
9/01/2021;;19:53:17;71;confidence:2}
9/01/2021;;19:53:22;72;confidence:3}
9/01/2021;;19:53:27;72;confidence:2}
9/01/2021;;19:53:37;73;confidence:2}
9/01/2021;;19:53:42;75;confidence:2}
9/01/2021;;19:53:52;74;confidence:2}
9/01/2021;;19:53:57;72;confidence:2}
9/01/2021;;19:54:02;71;confidence:2}
9/01/2021;;19:54:07;72;confidence:2}
9/01/2021;;19:54:12;74;confidence:2}
9/01/2021;;19:54:17;75;confidence:2}
9/01/2021;;19:54:27;76;confidence:2}
9/01/2021;;19:54:32;77;confidence:2}
9/01/2021;;19:54:37;76;confidence:2}
9/01/2021;;19:54:47;77;confidence:2}
9/01/2021;;19:54:52;77;confidence:1}
9/01/2021;;19:54:57;75;confidence:1}
9/01/2021;;19:55:02;73;confidence:3}
9/01/2021;;19:55:07;73;confidence:2}
9/01/2021;;19:55:12;74;confidence:2}
9/01/2021;;19:55:17;75;confidence:2}
9/01/2021;;19:55:22;73;confidence:1}
9/01/2021;;19:55:27;71;confidence:1}
9/01/2021;;19:55:32;71;confidence:2}
9/01/2021;;19:55:37;73;confidence:2}
9/01/2021;;19:55:42;74;confidence:1}
9/01/2021;;19:55:52;77;confidence:1}
9/01/2021;;19:55:57;79;confidence:1}
9/01/2021;;19:56:02;80;confidence:1}
9/01/2021;;19:56:07;81;confidence:1}
9/01/2021;;19:56:17;80;confidence:1}
9/01/2021;;19:56:27;79;confidence:1}
9/01/2021;;19:56:37;77;confidence:1}
9/01/2021;;19:56:42;75;confidence:2}
9/01/2021;;19:56:47;74;confidence:1}
9/01/2021;;19:56:52;77;confidence:1}
9/01/2021;;19:56:57;79;confidence:2}
9/01/2021;;19:57:02;79;confidence:1}
9/01/2021;;19:57:07;77;confidence:2}
9/01/2021;;19:57:12;74;confidence:2}
9/01/2021;;19:57:22;76;confidence:2}
9/01/2021;;19:57:32;74;confidence:2}
9/01/2021;;19:57:37;73;confidence:2}
9/01/2021;;19:57:52;74;confidence:1}
9/01/2021;;19:57:57;75;confidence:1}
9/01/2021;;19:58:07;74;confidence:1}
9/01/2021;;19:58:12;72;confidence:1}
9/01/2021;;19:58:17;73;confidence:1}
9/01/2021;;19:58:22;73;confidence:3}
9/01/2021;;19:58:27;74;confidence:2}
9/01/2021;;19:58:32;73;confidence:2}
9/01/2021;;19:58:47;74;confidence:2}
9/01/2021;;19:58:52;75;confidence:2}
9/01/2021;;19:58:57;74;confidence:2}
9/01/2021;;19:59:02;73;confidence:1}
9/01/2021;;19:59:07;74;confidence:1}
9/01/2021;;19:59:12;76;confidence:2}
9/01/2021;;19:59:17;76;confidence:1}
9/01/2021;;19:59:22;75;confidence:1}
9/01/2021;;19:59:27;77;confidence:1}
9/01/2021;;19:59:32;77;confidence:3}
9/01/2021;;19:59:42;74;confidence:2}
9/01/2021;;19:59:47;70;confidence:2}
9/01/2021;;19:59:52;70;confidence:1}
9/01/2021;;19:59:57;72;confidence:1}
9/01/2021;;20:00:02;74;confidence:1}
9/01/2021;;20:00:12;74;confidence:2}
9/01/2021;;20:00:17;75;confidence:2}
9/01/2021;;20:00:22;76;confidence:2}
9/01/2021;;20:00:27;76;confidence:2}
9/01/2021;;20:00:32;76;confidence:1}
9/01/2021;;20:00:37;77;confidence:1}
9/01/2021;;20:00:42;79;confidence:1}
9/01/2021;;20:00:47;79;confidence:2}
9/01/2021;;20:00:52;79;confidence:1}
9/01/2021;;20:00:57;79;confidence:2}
9/01/2021;;20:01:02;82;confidence:2}
9/01/2021;;20:01:07;83;confidence:2}
9/01/2021;;20:01:12;82;confidence:2}
9/01/2021;;20:01:17;81;confidence:1}
9/01/2021;;20:01:22;83;confidence:1}
9/01/2021;;20:01:27;84;confidence:1}
9/01/2021;;20:01:37;83;confidence:1}
9/01/2021;;20:01:47;81;confidence:1}
9/01/2021;;20:01:52;79;confidence:1}
9/01/2021;;20:01:57;78;confidence:1}
9/01/2021;;20:02:02;77;confidence:1}
9/01/2021;;20:02:07;76;confidence:1}
9/01/2021;;20:02:12;77;confidence:1}
9/01/2021;;20:02:17;79;confidence:1}
9/01/2021;;20:02:27;80;confidence:1}
9/01/2021;;20:02:42;80;confidence:1}
9/01/2021;;20:02:47;79;confidence:1}
9/01/2021;;20:03:02;78;confidence:2}
9/01/2021;;20:03:07;76;confidence:2}
9/01/2021;;20:03:12;75;confidence:3}
9/01/2021;;20:03:17;75;confidence:2}
9/01/2021;;20:03:32;75;confidence:1}
9/01/2021;;20:03:37;77;confidence:2}
9/01/2021;;20:03:42;78;confidence:2}
9/01/2021;;20:03:47;77;confidence:2}
9/01/2021;;20:03:52;75;confidence:3}
9/01/2021;;20:03:57;73;confidence:2}
9/01/2021;;20:04:02;74;confidence:1}
9/01/2021;;20:04:07;75;confidence:1}
9/01/2021;;20:04:12;78;confidence:2}
9/01/2021;;20:04:17;79;confidence:2}
9/01/2021;;20:04:22;80;confidence:2}
9/01/2021;;20:04:27;83;confidence:2}
9/01/2021;;20:04:37;82;confidence:1}
9/01/2021;;20:04:42;82;confidence:3}
9/01/2021;;20:04:47;82;confidence:2}
9/01/2021;;20:04:52;81;confidence:1}
9/01/2021;;20:05:07;80;confidence:1}
9/01/2021;;20:05:12;79;confidence:1}
9/01/2021;;20:05:17;78;confidence:1}
9/01/2021;;20:05:27;76;confidence:1}
9/01/2021;;20:05:32;75;confidence:1}
9/01/2021;;20:05:47;74;confidence:1}
9/01/2021;;20:05:52;75;confidence:1}
9/01/2021;;20:06:02;77;confidence:1}
9/01/2021;;20:06:07;78;confidence:1}
9/01/2021;;20:06:17;77;confidence:2}
9/01/2021;;20:06:22;78;confidence:2}
9/01/2021;;20:06:27;76;confidence:1}
9/01/2021;;20:06:32;77;confidence:1}
9/01/2021;;20:06:37;78;confidence:1}
9/01/2021;;20:06:42;79;confidence:1}
9/01/2021;;20:06:47;79;confidence:2}
9/01/2021;;20:06:57;81;confidence:1}
9/01/2021;;20:07:02;82;confidence:1}
9/01/2021;;20:07:07;85;confidence:1}
9/01/2021;;20:07:12;87;confidence:1}
9/01/2021;;20:07:17;89;confidence:1}
9/01/2021;;20:07:22;88;confidence:1}
9/01/2021;;20:07:27;86;confidence:1}
9/01/2021;;20:07:32;83;confidence:1}
9/01/2021;;20:07:37;81;confidence:1}
9/01/2021;;20:07:42;80;confidence:1}
9/01/2021;;20:07:52;81;confidence:2}
9/01/2021;;20:07:57;82;confidence:2}
9/01/2021;;20:08:07;82;confidence:1}
9/01/2021;;20:08:12;83;confidence:1}
9/01/2021;;20:08:17;84;confidence:1}
9/01/2021;;20:08:27;84;confidence:3}
9/01/2021;;20:08:32;82;confidence:3}
9/01/2021;;20:08:37;81;confidence:3}
9/01/2021;;20:08:42;76;confidence:2}
9/01/2021;;20:08:47;75;confidence:3}
9/01/2021;;20:08:52;74;confidence:2}
9/01/2021;;20:08:57;74;confidence:2}
9/01/2021;;20:09:02;74;confidence:1}
9/01/2021;;20:09:07;76;confidence:1}
9/01/2021;;20:09:17;75;confidence:1}
9/01/2021;;20:09:22;76;confidence:1}
9/01/2021;;20:09:27;76;confidence:2}
9/01/2021;;20:09:32;77;confidence:2}
9/01/2021;;20:09:37;76;confidence:2}
9/01/2021;;20:09:42;74;confidence:2}
9/01/2021;;20:09:47;73;confidence:3}
9/01/2021;;20:09:52;74;confidence:2}
9/01/2021;;20:09:57;71;confidence:3}
9/01/2021;;20:10:02;70;confidence:3}
9/01/2021;;20:10:07;69;confidence:3}
9/01/2021;;20:10:12;71;confidence:3}
9/01/2021;;20:10:17;72;confidence:3}
9/01/2021;;20:10:22;70;confidence:3}
9/01/2021;;20:10:27;69;confidence:3}
9/01/2021;;20:10:32;70;confidence:3}
9/01/2021;;20:10:42;71;confidence:2}
9/01/2021;;20:10:57;71;confidence:2}
9/01/2021;;20:11:02;71;confidence:1}
9/01/2021;;20:11:17;73;confidence:1}
9/01/2021;;20:11:22;78;confidence:1}
9/01/2021;;20:11:27;80;confidence:1}
9/01/2021;;20:11:32;81;confidence:1}
9/01/2021;;20:11:37;82;confidence:1}
9/01/2021;;20:11:42;81;confidence:1}
9/01/2021;;20:11:47;80;confidence:1}
9/01/2021;;20:11:52;79;confidence:1}
9/01/2021;;20:11:57;77;confidence:1}
9/01/2021;;20:12:02;76;confidence:2}
9/01/2021;;20:12:07;74;confidence:3}
9/01/2021;;20:12:12;73;confidence:3}
9/01/2021;;20:12:17;73;confidence:2}
9/01/2021;;20:12:27;73;confidence:1}
9/01/2021;;20:12:32;76;confidence:1}
9/01/2021;;20:12:37;78;confidence:1}
9/01/2021;;20:12:42;79;confidence:1}
9/01/2021;;20:12:47;80;confidence:1}
9/01/2021;;20:12:52;78;confidence:1}
9/01/2021;;20:12:57;78;confidence:2}
9/01/2021;;20:13:12;77;confidence:1}
9/01/2021;;20:13:17;78;confidence:1}
9/01/2021;;20:13:22;78;confidence:2}
9/01/2021;;20:13:27;80;confidence:2}
9/01/2021;;20:13:32;80;confidence:1}
9/01/2021;;20:13:37;80;confidence:2}
9/01/2021;;20:13:42;81;confidence:2}
9/01/2021;;20:13:47;82;confidence:2}
9/01/2021;;20:13:52;84;confidence:2}
9/01/2021;;20:13:57;85;confidence:2}
9/01/2021;;20:14:02;86;confidence:1}
9/01/2021;;20:14:12;87;confidence:1}
9/01/2021;;20:14:17;88;confidence:1}
9/01/2021;;20:14:27;87;confidence:1}
9/01/2021;;20:14:37;85;confidence:1}
9/01/2021;;20:14:42;83;confidence:1}
9/01/2021;;20:14:47;81;confidence:1}
9/01/2021;;20:14:52;76;confidence:1}
9/01/2021;;20:14:57;75;confidence:2}
9/01/2021;;20:15:02;74;confidence:1}
9/01/2021;;20:15:07;73;confidence:1}
9/01/2021;;20:15:12;75;confidence:1}
9/01/2021;;20:15:17;74;confidence:1}
9/01/2021;;20:15:32;75;confidence:1}
9/01/2021;;20:15:37;77;confidence:1}
9/01/2021;;20:15:52;79;confidence:1}
9/01/2021;;20:16:02;80;confidence:1}
9/01/2021;;20:16:07;81;confidence:1}
9/01/2021;;20:16:12;82;confidence:1}
9/01/2021;;20:16:17;81;confidence:1}
9/01/2021;;20:16:22;82;confidence:1}
9/01/2021;;20:16:27;84;confidence:1}
9/01/2021;;20:16:32;86;confidence:1}
9/01/2021;;20:16:37;85;confidence:1}
9/01/2021;;20:16:42;83;confidence:1}
9/01/2021;;20:16:47;82;confidence:1}
9/01/2021;;20:16:52;81;confidence:2}
9/01/2021;;20:16:57;79;confidence:2}
9/01/2021;;20:17:02;79;confidence:3}
9/01/2021;;20:17:07;79;confidence:2}
9/01/2021;;20:17:22;78;confidence:2}
9/01/2021;;20:17:27;78;confidence:1}
9/01/2021;;20:17:32;76;confidence:1}
9/01/2021;;20:17:42;77;confidence:1}
9/01/2021;;20:17:47;78;confidence:1}
9/01/2021;;20:18:02;78;confidence:1}
9/01/2021;;20:18:07;79;confidence:1}
9/01/2021;;20:18:12;80;confidence:1}
9/01/2021;;20:18:17;81;confidence:1}
9/01/2021;;20:18:22;83;confidence:1}
9/01/2021;;20:18:27;84;confidence:1}
9/01/2021;;20:18:32;85;confidence:1}
9/01/2021;;20:18:37;85;confidence:2}
9/01/2021;;20:18:42;86;confidence:1}
9/01/2021;;20:18:47;88;confidence:1}
9/01/2021;;20:18:52;89;confidence:1}
9/01/2021;;20:19:07;88;confidence:1}
9/01/2021;;20:19:12;85;confidence:1}
9/01/2021;;20:19:17;84;confidence:1}
9/01/2021;;20:19:22;82;confidence:1}
9/01/2021;;20:19:27;81;confidence:1}
9/01/2021;;20:19:42;81;confidence:1}
9/01/2021;;20:19:47;81;confidence:2}
9/01/2021;;20:19:57;82;confidence:2}
9/01/2021;;20:20:07;82;confidence:1}
9/01/2021;;20:20:12;84;confidence:1}
9/01/2021;;20:20:17;84;confidence:2}
9/01/2021;;20:20:22;85;confidence:2}
9/01/2021;;20:20:37;85;confidence:2}
9/01/2021;;20:20:42;84;confidence:2}
9/01/2021;;20:20:47;83;confidence:2}
9/01/2021;;20:20:52;83;confidence:3}
9/01/2021;;20:20:57;79;confidence:2}
9/01/2021;;20:21:02;72;confidence:1}
9/01/2021;;20:21:07;70;confidence:1}
9/01/2021;;20:21:12;72;confidence:1}
9/01/2021;;20:21:17;73;confidence:1}
9/01/2021;;20:21:22;74;confidence:1}
9/01/2021;;20:21:32;75;confidence:1}
9/01/2021;;20:21:37;74;confidence:1}
9/01/2021;;20:21:42;73;confidence:1}
9/01/2021;;20:21:47;74;confidence:1}
9/01/2021;;20:22:02;74;confidence:1}
9/01/2021;;20:22:07;73;confidence:1}
9/01/2021;;20:22:12;75;confidence:1}
9/01/2021;;20:22:22;74;confidence:1}
9/01/2021;;20:22:27;73;confidence:1}
9/01/2021;;20:22:32;71;confidence:1}
9/01/2021;;20:22:37;70;confidence:1}
9/01/2021;;20:22:47;71;confidence:2}
9/01/2021;;20:22:52;71;confidence:1}
9/01/2021;;20:23:07;71;confidence:2}
9/01/2021;;20:23:17;71;confidence:1}
9/01/2021;;20:23:22;71;confidence:1}
9/01/2021;;20:23:32;71;confidence:2}
9/01/2021;;20:23:37;71;confidence:1}
9/01/2021;;20:23:42;72;confidence:1}
9/01/2021;;20:23:52;71;confidence:1}
9/01/2021;;20:24:02;69;confidence:3}
9/01/2021;;20:24:07;68;confidence:3}
9/01/2021;;20:24:12;68;confidence:1}
9/01/2021;;20:24:17;69;confidence:1}
9/01/2021;;20:24:22;72;confidence:2}
9/01/2021;;20:24:27;75;confidence:2}
9/01/2021;;20:24:32;74;confidence:3}
9/01/2021;;20:24:37;71;confidence:3}
9/01/2021;;20:24:42;71;confidence:2}
9/01/2021;;20:24:47;72;confidence:1}
9/01/2021;;20:24:57;72;confidence:2}
9/01/2021;;20:25:02;73;confidence:2}
9/01/2021;;20:25:07;72;confidence:1}
9/01/2021;;20:25:17;74;confidence:1}
9/01/2021;;20:25:27;75;confidence:2}
9/01/2021;;20:25:32;74;confidence:1}
9/01/2021;;20:25:37;73;confidence:1}
9/01/2021;;20:25:47;71;confidence:1}
9/01/2021;;20:25:52;69;confidence:1}
9/01/2021;;20:26:07;71;confidence:2}
9/01/2021;;20:26:12;72;confidence:1}
9/01/2021;;20:26:17;76;confidence:1}
9/01/2021;;20:26:22;77;confidence:1}
9/01/2021;;20:26:32;78;confidence:2}
9/01/2021;;20:26:37;80;confidence:2}
9/01/2021;;20:26:42;79;confidence:3}
9/01/2021;;20:26:47;77;confidence:2}
9/01/2021;;20:26:57;76;confidence:3}
9/01/2021;;20:27:02;76;confidence:2}
9/01/2021;;20:27:12;74;confidence:1}
9/01/2021;;20:27:17;75;confidence:1}
9/01/2021;;20:27:22;76;confidence:1}
9/01/2021;;20:27:27;78;confidence:1}
9/01/2021;;20:27:32;79;confidence:3}
9/01/2021;;20:27:37;80;confidence:2}
9/01/2021;;20:27:47;79;confidence:2}
9/01/2021;;20:27:52;78;confidence:1}
9/01/2021;;20:27:57;77;confidence:1}
9/01/2021;;20:28:02;78;confidence:1}
9/01/2021;;20:28:17;78;confidence:2}
9/01/2021;;20:28:27;79;confidence:2}
9/01/2021;;20:28:42;78;confidence:2}
9/01/2021;;20:28:52;77;confidence:2}
9/01/2021;;20:28:57;72;confidence:3}
9/01/2021;;20:29:02;67;confidence:1}
9/01/2021;;20:29:07;68;confidence:1}
9/01/2021;;20:29:12;69;confidence:1}
9/01/2021;;20:29:17;70;confidence:1}
9/01/2021;;20:29:27;69;confidence:1}
9/01/2021;;20:29:32;69;confidence:1}
9/01/2021;;20:29:37;70;confidence:2}
9/01/2021;;20:29:42;71;confidence:2}
9/01/2021;;20:29:47;69;confidence:3}
9/01/2021;;20:29:52;68;confidence:3}
9/01/2021;;20:29:57;67;confidence:3}
9/01/2021;;20:30:12;68;confidence:3}
9/01/2021;;20:30:17;69;confidence:3}
9/01/2021;;20:30:22;69;confidence:1}
9/01/2021;;20:30:32;70;confidence:1}
9/01/2021;;20:30:47;71;confidence:2}
9/01/2021;;20:30:52;70;confidence:3}
9/01/2021;;20:31:02;69;confidence:3}
9/01/2021;;20:31:17;70;confidence:2}
9/01/2021;;20:31:22;70;confidence:1}
9/01/2021;;20:31:27;72;confidence:1}
9/01/2021;;20:31:32;74;confidence:1}
9/01/2021;;20:31:37;75;confidence:3}
9/01/2021;;20:31:42;74;confidence:1}
9/01/2021;;20:31:52;72;confidence:3}
9/01/2021;;20:31:57;70;confidence:2}
9/01/2021;;20:32:02;70;confidence:1}
9/01/2021;;20:32:07;71;confidence:1}
9/01/2021;;20:32:12;72;confidence:1}
9/01/2021;;20:32:17;73;confidence:2}
9/01/2021;;20:32:22;72;confidence:2}
9/01/2021;;20:32:27;70;confidence:1}
9/01/2021;;20:32:32;71;confidence:2}
9/01/2021;;20:32:37;74;confidence:2}
9/01/2021;;20:32:42;75;confidence:2}
9/01/2021;;20:32:47;73;confidence:2}
9/01/2021;;20:32:52;70;confidence:3}
9/01/2021;;20:32:57;69;confidence:2}
9/01/2021;;20:33:02;70;confidence:2}
9/01/2021;;20:33:07;73;confidence:2}
9/01/2021;;20:33:12;75;confidence:3}
9/01/2021;;20:33:22;73;confidence:2}
9/01/2021;;20:33:27;72;confidence:2}
9/01/2021;;20:33:32;74;confidence:3}
9/01/2021;;20:33:37;75;confidence:2}
9/01/2021;;20:33:42;74;confidence:1}
9/01/2021;;20:33:47;73;confidence:1}
9/01/2021;;20:33:52;76;confidence:1}
9/01/2021;;20:33:57;80;confidence:1}
9/01/2021;;20:34:02;83;confidence:1}
9/01/2021;;20:34:07;82;confidence:1}
9/01/2021;;20:34:12;81;confidence:1}
9/01/2021;;20:34:27;80;confidence:1}
9/01/2021;;20:34:32;79;confidence:1}
9/01/2021;;20:34:37;80;confidence:1}
9/01/2021;;20:34:42;78;confidence:1}
9/01/2021;;20:34:47;77;confidence:1}
9/01/2021;;20:34:52;78;confidence:1}
9/01/2021;;20:35:02;79;confidence:1}
9/01/2021;;20:35:07;80;confidence:1}
9/01/2021;;20:35:17;79;confidence:1}
9/01/2021;;20:35:22;77;confidence:1}
9/01/2021;;20:35:27;75;confidence:1}
9/01/2021;;20:35:32;77;confidence:1}
9/01/2021;;20:35:37;75;confidence:1}
9/01/2021;;20:35:47;76;confidence:1}
9/01/2021;;20:35:52;77;confidence:1}
9/01/2021;;20:35:57;79;confidence:1}
9/01/2021;;20:36:02;78;confidence:1}
9/01/2021;;20:36:17;78;confidence:3}
9/01/2021;;20:36:22;78;confidence:2}
9/01/2021;;20:36:27;76;confidence:2}
9/01/2021;;20:36:32;75;confidence:1}
9/01/2021;;20:36:37;77;confidence:1}
9/01/2021;;20:36:42;78;confidence:2}
9/01/2021;;20:36:47;78;confidence:1}
9/01/2021;;20:36:52;77;confidence:1}
9/01/2021;;20:36:57;76;confidence:1}
9/01/2021;;20:37:02;75;confidence:1}
9/01/2021;;20:37:17;75;confidence:1}
9/01/2021;;20:37:22;76;confidence:1}
9/01/2021;;20:37:27;75;confidence:1}
9/01/2021;;20:37:32;75;confidence:2}
9/01/2021;;20:37:42;73;confidence:1}
9/01/2021;;20:37:47;73;confidence:2}
9/01/2021;;20:37:57;73;confidence:1}
9/01/2021;;20:38:02;72;confidence:1}
9/01/2021;;20:38:12;72;confidence:2}
9/01/2021;;20:38:17;71;confidence:1}
9/01/2021;;20:38:22;70;confidence:3}
9/01/2021;;20:38:27;69;confidence:3}
9/01/2021;;20:38:32;67;confidence:3}
9/01/2021;;20:38:37;66;confidence:3}
9/01/2021;;20:38:52;68;confidence:3}
9/01/2021;;20:38:57;69;confidence:3}
9/01/2021;;20:39:02;70;confidence:3}
9/01/2021;;20:39:07;71;confidence:2}
9/01/2021;;20:39:12;71;confidence:1}
9/01/2021;;20:39:17;72;confidence:1}
9/01/2021;;20:39:22;74;confidence:1}
9/01/2021;;20:39:37;74;confidence:3}
9/01/2021;;20:39:42;76;confidence:3}
9/01/2021;;20:39:52;76;confidence:1}
9/01/2021;;20:39:57;75;confidence:1}
9/01/2021;;20:40:07;77;confidence:1}
9/01/2021;;20:40:12;80;confidence:1}
9/01/2021;;20:40:17;84;confidence:1}
9/01/2021;;20:40:22;86;confidence:1}
9/01/2021;;20:40:27;89;confidence:1}
9/01/2021;;20:40:32;91;confidence:1}
9/01/2021;;20:40:37;92;confidence:1}
9/01/2021;;20:40:42;91;confidence:1}
9/01/2021;;20:40:47;92;confidence:1}
9/01/2021;;20:40:52;88;confidence:1}
9/01/2021;;20:40:57;86;confidence:1}
9/01/2021;;20:41:02;84;confidence:1}
9/01/2021;;20:41:07;80;confidence:1}
9/01/2021;;20:41:17;79;confidence:1}
9/01/2021;;20:41:22;78;confidence:1}
9/01/2021;;20:41:37;78;confidence:1}
9/01/2021;;20:41:47;80;confidence:1}
9/01/2021;;20:41:52;79;confidence:1}
9/01/2021;;20:41:57;78;confidence:1}
9/01/2021;;20:42:02;77;confidence:2}
9/01/2021;;20:42:07;75;confidence:2}
9/01/2021;;20:42:12;75;confidence:3}
9/01/2021;;20:42:17;72;confidence:3}
9/01/2021;;20:42:22;70;confidence:2}
9/01/2021;;20:42:27;69;confidence:2}
9/01/2021;;20:42:32;69;confidence:1}
9/01/2021;;20:42:37;68;confidence:1}
9/01/2021;;20:42:42;67;confidence:3}
9/01/2021;;20:42:47;69;confidence:3}
9/01/2021;;20:42:52;71;confidence:3}
9/01/2021;;20:42:58;70;confidence:1}
9/01/2021;;20:43:03;67;confidence:1}
9/01/2021;;20:43:13;70;confidence:3}
9/01/2021;;20:43:18;73;confidence:2}
9/01/2021;;20:43:23;72;confidence:2}
9/01/2021;;20:43:28;70;confidence:3}
9/01/2021;;20:43:33;69;confidence:3}
9/01/2021;;20:43:38;69;confidence:1}
9/01/2021;;20:43:43;70;confidence:1}
9/01/2021;;20:43:48;70;confidence:2}
9/01/2021;;20:43:53;68;confidence:3}
9/01/2021;;20:43:58;69;confidence:3}
9/01/2021;;20:44:08;67;confidence:3}
9/01/2021;;20:44:18;69;confidence:3}
9/01/2021;;20:44:23;70;confidence:3}
9/01/2021;;20:44:28;69;confidence:3}
9/01/2021;;20:44:43;69;confidence:2}
9/01/2021;;20:44:48;71;confidence:2}
9/01/2021;;20:44:53;74;confidence:3}
9/01/2021;;20:44:58;76;confidence:3}
9/01/2021;;20:45:03;75;confidence:3}
9/01/2021;;20:45:08;74;confidence:1}
9/01/2021;;20:45:23;77;confidence:1}
9/01/2021;;20:45:28;79;confidence:1}
9/01/2021;;20:45:33;81;confidence:1}
9/01/2021;;20:45:48;84;confidence:1}
9/01/2021;;20:45:53;85;confidence:1}
9/01/2021;;20:45:58;85;confidence:1}
9/01/2021;;20:46:03;81;confidence:1}
9/01/2021;;20:46:08;78;confidence:2}
9/01/2021;;20:46:13;75;confidence:1}
9/01/2021;;20:46:28;77;confidence:1}
9/01/2021;;20:46:33;79;confidence:1}
9/01/2021;;20:46:43;78;confidence:1}
9/01/2021;;20:46:48;80;confidence:1}
9/01/2021;;20:46:53;82;confidence:1}
9/01/2021;;20:47:08;82;confidence:2}
9/01/2021;;20:47:13;81;confidence:1}
9/01/2021;;20:47:18;79;confidence:1}
9/01/2021;;20:47:23;78;confidence:1}
9/01/2021;;20:47:28;77;confidence:1}
9/01/2021;;20:47:43;78;confidence:2}
9/01/2021;;20:47:48;76;confidence:3}
9/01/2021;;20:47:53;74;confidence:2}
9/01/2021;;20:47:58;75;confidence:2}
9/01/2021;;20:48:03;77;confidence:2}
9/01/2021;;20:48:08;78;confidence:2}
9/01/2021;;20:48:13;77;confidence:2}
9/01/2021;;20:48:23;77;confidence:1}
9/01/2021;;20:48:28;78;confidence:1}
9/01/2021;;20:48:33;79;confidence:2}
9/01/2021;;20:48:38;79;confidence:1}
9/01/2021;;20:48:43;77;confidence:1}
9/01/2021;;20:48:48;78;confidence:2}
9/01/2021;;20:48:53;78;confidence:2}
9/01/2021;;20:48:58;80;confidence:1}
9/01/2021;;20:49:08;81;confidence:1}
9/01/2021;;20:49:13;82;confidence:1}
9/01/2021;;20:49:18;83;confidence:1}
9/01/2021;;20:49:23;84;confidence:1}
9/01/2021;;20:49:28;86;confidence:1}
9/01/2021;;20:49:33;87;confidence:1}
9/01/2021;;20:49:38;86;confidence:1}
9/01/2021;;20:49:43;85;confidence:1}
9/01/2021;;20:49:48;85;confidence:3}
9/01/2021;;20:49:53;82;confidence:3}
9/01/2021;;20:49:58;79;confidence:2}
9/01/2021;;20:50:03;77;confidence:1}
9/01/2021;;20:50:08;70;confidence:1}
9/01/2021;;20:50:13;72;confidence:1}
9/01/2021;;20:50:18;73;confidence:1}
9/01/2021;;20:50:23;74;confidence:1}
9/01/2021;;20:50:28;75;confidence:1}
9/01/2021;;20:50:33;78;confidence:1}
9/01/2021;;20:50:38;79;confidence:1}
9/01/2021;;20:50:48;80;confidence:1}
9/01/2021;;20:50:53;82;confidence:1}
9/01/2021;;20:50:58;83;confidence:1}
9/01/2021;;20:51:08;85;confidence:1}
9/01/2021;;20:51:13;86;confidence:1}
9/01/2021;;20:51:18;85;confidence:1}
9/01/2021;;20:51:23;86;confidence:1}
9/01/2021;;20:51:28;84;confidence:1}
9/01/2021;;20:51:33;82;confidence:1}
9/01/2021;;20:51:38;81;confidence:1}
9/01/2021;;20:51:43;79;confidence:1}
9/01/2021;;20:51:48;80;confidence:1}
9/01/2021;;20:51:58;78;confidence:1}
9/01/2021;;20:52:03;76;confidence:1}
9/01/2021;;20:52:08;78;confidence:1}
9/01/2021;;20:52:13;79;confidence:1}
9/01/2021;;20:52:18;80;confidence:1}
9/01/2021;;20:52:23;81;confidence:1}
9/01/2021;;20:52:33;81;confidence:2}
9/01/2021;;20:52:43;78;confidence:2}
9/01/2021;;20:52:48;76;confidence:1}
9/01/2021;;20:52:58;77;confidence:1}
9/01/2021;;20:53:03;79;confidence:1}
9/01/2021;;20:53:18;79;confidence:1}
9/01/2021;;20:53:28;81;confidence:1}
9/01/2021;;20:53:33;84;confidence:1}
9/01/2021;;20:53:38;85;confidence:1}
9/01/2021;;20:53:53;84;confidence:1}
9/01/2021;;20:53:58;82;confidence:1}
9/01/2021;;20:54:03;80;confidence:1}
9/01/2021;;20:54:13;80;confidence:2}
9/01/2021;;20:54:18;82;confidence:1}
9/01/2021;;20:54:23;83;confidence:1}
9/01/2021;;20:54:28;85;confidence:1}
9/01/2021;;20:54:33;87;confidence:1}
9/01/2021;;20:54:38;88;confidence:1}
9/01/2021;;20:54:53;87;confidence:1}
9/01/2021;;20:54:58;85;confidence:1}
9/01/2021;;20:55:03;84;confidence:1}
9/01/2021;;20:55:08;83;confidence:1}
9/01/2021;;20:55:13;79;confidence:1}
9/01/2021;;20:55:18;77;confidence:1}
9/01/2021;;20:55:23;76;confidence:1}
9/01/2021;;20:55:28;77;confidence:1}
9/01/2021;;20:55:33;76;confidence:1}
9/01/2021;;20:55:43;81;confidence:1}
9/01/2021;;20:55:48;83;confidence:1}
9/01/2021;;20:55:53;85;confidence:1}
9/01/2021;;20:55:58;84;confidence:1}
9/01/2021;;20:56:03;82;confidence:1}
9/01/2021;;20:56:08;76;confidence:1}
9/01/2021;;20:56:13;73;confidence:1}
9/01/2021;;20:56:18;70;confidence:2}
9/01/2021;;20:56:23;71;confidence:1}
9/01/2021;;20:56:28;72;confidence:1}
9/01/2021;;20:56:33;74;confidence:1}
9/01/2021;;20:56:38;73;confidence:3}
9/01/2021;;20:56:43;74;confidence:3}
9/01/2021;;20:56:53;73;confidence:3}
9/01/2021;;20:56:58;73;confidence:2}
9/01/2021;;20:57:03;73;confidence:2}
9/01/2021;;20:57:08;72;confidence:2}
9/01/2021;;20:57:13;72;confidence:1}
9/01/2021;;20:57:18;73;confidence:1}
9/01/2021;;20:57:23;75;confidence:1}
9/01/2021;;20:57:28;78;confidence:1}
9/01/2021;;20:57:33;79;confidence:1}
9/01/2021;;20:57:38;83;confidence:1}
9/01/2021;;20:57:43;84;confidence:1}
9/01/2021;;20:57:48;85;confidence:1}
9/01/2021;;20:57:53;84;confidence:1}
9/01/2021;;20:57:58;86;confidence:1}
9/01/2021;;20:58:03;85;confidence:1}
9/01/2021;;20:58:08;86;confidence:1}
9/01/2021;;20:58:13;85;confidence:1}
9/01/2021;;20:58:28;84;confidence:1}
9/01/2021;;20:58:33;82;confidence:1}
9/01/2021;;20:58:48;83;confidence:1}
9/01/2021;;20:58:58;82;confidence:1}
9/01/2021;;20:59:08;80;confidence:1}
9/01/2021;;20:59:13;80;confidence:2}
9/01/2021;;20:59:18;79;confidence:2}
9/01/2021;;20:59:23;77;confidence:1}
9/01/2021;;20:59:38;79;confidence:1}
9/01/2021;;20:59:53;80;confidence:1}
9/01/2021;;21:00:03;83;confidence:1}
9/01/2021;;21:00:13;82;confidence:1}
9/01/2021;;21:00:18;79;confidence:1}
9/01/2021;;21:00:23;78;confidence:1}
9/01/2021;;21:00:38;79;confidence:1}
9/01/2021;;21:00:53;81;confidence:1}
9/01/2021;;21:00:58;83;confidence:1}
9/01/2021;;21:01:08;84;confidence:1}
9/01/2021;;21:01:13;83;confidence:1}
9/01/2021;;21:01:18;82;confidence:1}
9/01/2021;;21:01:23;81;confidence:1}
9/01/2021;;21:01:28;83;confidence:2}
9/01/2021;;21:01:33;82;confidence:1}
9/01/2021;;21:01:38;81;confidence:1}
9/01/2021;;21:01:53;81;confidence:1}
9/01/2021;;21:01:58;82;confidence:2}
9/01/2021;;21:02:03;81;confidence:1}
9/01/2021;;21:02:18;81;confidence:1}
9/01/2021;;21:02:23;80;confidence:1}
9/01/2021;;21:02:38;79;confidence:1}
9/01/2021;;21:02:53;79;confidence:1}
9/01/2021;;21:03:03;80;confidence:1}
9/01/2021;;21:03:08;81;confidence:1}
9/01/2021;;21:03:13;83;confidence:1}
9/01/2021;;21:03:18;82;confidence:1}
9/01/2021;;21:03:28;81;confidence:1}
9/01/2021;;21:03:38;80;confidence:1}
9/01/2021;;21:03:43;79;confidence:2}
9/01/2021;;21:03:48;78;confidence:2}
9/01/2021;;21:03:53;73;confidence:1}
9/01/2021;;21:03:58;71;confidence:1}
9/01/2021;;21:04:03;72;confidence:1}
9/01/2021;;21:04:08;71;confidence:1}
9/01/2021;;21:04:13;76;confidence:1}
9/01/2021;;21:04:18;79;confidence:1}
9/01/2021;;21:04:28;81;confidence:1}
9/01/2021;;21:04:33;83;confidence:1}
9/01/2021;;21:04:38;86;confidence:1}
9/01/2021;;21:04:43;85;confidence:1}
9/01/2021;;21:04:53;83;confidence:2}
9/01/2021;;21:04:58;81;confidence:1}
9/01/2021;;21:05:03;77;confidence:1}
9/01/2021;;21:05:13;75;confidence:1}
9/01/2021;;21:05:23;72;confidence:1}
9/01/2021;;21:05:28;71;confidence:1}
9/01/2021;;21:05:38;72;confidence:1}
9/01/2021;;21:05:43;74;confidence:1}
9/01/2021;;21:05:48;73;confidence:1}
9/01/2021;;21:05:58;72;confidence:1}
9/01/2021;;21:06:03;70;confidence:1}
9/01/2021;;21:06:13;69;confidence:1}
9/01/2021;;21:06:18;68;confidence:1}
9/01/2021;;21:06:23;67;confidence:1}
9/01/2021;;21:06:28;68;confidence:1}
9/01/2021;;21:06:38;68;confidence:2}
9/01/2021;;21:06:53;68;confidence:1}
9/01/2021;;21:06:58;67;confidence:2}
9/01/2021;;21:07:03;66;confidence:3}
9/01/2021;;21:07:08;65;confidence:3}
9/01/2021;;21:07:13;66;confidence:3}
9/01/2021;;21:07:18;67;confidence:3}
9/01/2021;;21:07:23;66;confidence:3}
9/01/2021;;21:07:28;66;confidence:2}
9/01/2021;;21:07:33;66;confidence:1}
9/01/2021;;21:07:38;67;confidence:1}
9/01/2021;;21:07:43;68;confidence:1}
9/01/2021;;21:07:48;68;confidence:2}
9/01/2021;;21:08:03;68;confidence:2}
9/01/2021;;21:08:08;67;confidence:3}
9/01/2021;;21:08:13;66;confidence:2}
9/01/2021;;21:08:18;67;confidence:1}
9/01/2021;;21:59:36;69;confidence:0}
9/01/2021;;22:00:54;65;confidence:1}
9/01/2021;;22:00:59;68;confidence:1}
9/01/2021;;22:01:04;71;confidence:1}
9/01/2021;;22:01:09;70;confidence:1}
9/01/2021;;22:01:14;66;confidence:1}
9/01/2021;;22:01:19;70;confidence:1}
9/01/2021;;22:01:29;69;confidence:1}
9/01/2021;;22:01:34;65;confidence:1}
9/01/2021;;22:01:39;63;confidence:1}
9/01/2021;;22:01:44;65;confidence:1}
9/01/2021;;22:01:54;67;confidence:1}
9/01/2021;;22:01:59;66;confidence:1}
9/01/2021;;22:02:04;67;confidence:1}
9/01/2021;;22:02:19;67;confidence:1}
9/01/2021;;22:02:34;67;confidence:1}
9/01/2021;;22:02:44;68;confidence:1}
9/01/2021;;22:02:49;67;confidence:1}
9/01/2021;;22:02:54;65;confidence:1}
9/01/2021;;22:03:04;66;confidence:1}
9/01/2021;;22:03:09;85;confidence:1}
9/01/2021;;22:03:14;87;confidence:1}
9/01/2021;;22:03:19;99;confidence:1}
9/01/2021;;22:03:24;102;confidence:1}
9/01/2021;;22:03:29;120;confidence:1}
9/01/2021;;22:03:34;119;confidence:1}
9/01/2021;;22:03:44;116;confidence:1}
9/01/2021;;22:03:49;115;confidence:1}
9/01/2021;;22:03:54;100;confidence:1}
9/01/2021;;22:03:59;97;confidence:1}
9/01/2021;;22:04:04;100;confidence:1}
9/01/2021;;22:04:09;107;confidence:1}
9/01/2021;;22:04:14;92;confidence:1}
9/01/2021;;22:04:19;102;confidence:1}
9/01/2021;;22:04:24;85;confidence:1}
9/01/2021;;22:04:29;89;confidence:1}
9/01/2021;;22:04:34;94;confidence:1}
9/01/2021;;22:04:39;93;confidence:1}
9/01/2021;;22:04:44;86;confidence:1}
9/01/2021;;22:04:49;92;confidence:1}
9/01/2021;;22:04:54;106;confidence:1}
9/01/2021;;22:04:59;116;confidence:1}
9/01/2021;;22:05:04;115;confidence:1}
9/01/2021;;22:05:09;107;confidence:1}
9/01/2021;;22:05:14;110;confidence:1}
9/01/2021;;22:05:19;105;confidence:1}
9/01/2021;;22:05:29;103;confidence:1}
9/01/2021;;22:05:34;99;confidence:1}
9/01/2021;;22:05:39;100;confidence:1}
9/01/2021;;22:05:44;93;confidence:1}
9/01/2021;;22:05:49;88;confidence:1}
9/01/2021;;22:05:54;90;confidence:1}
9/01/2021;;22:05:59;80;confidence:1}
9/01/2021;;22:06:04;87;confidence:1}
9/01/2021;;22:06:09;83;confidence:1}
9/01/2021;;22:06:14;74;confidence:1}
9/01/2021;;22:06:19;79;confidence:1}
9/01/2021;;22:06:24;93;confidence:1}
9/01/2021;;22:06:29;88;confidence:1}
9/01/2021;;22:06:34;90;confidence:1}
9/01/2021;;22:06:39;77;confidence:1}
9/01/2021;;22:06:44;83;confidence:1}
9/01/2021;;22:06:49;81;confidence:1}
9/01/2021;;22:06:54;82;confidence:1}
9/01/2021;;22:06:59;83;confidence:1}
9/01/2021;;22:07:04;89;confidence:1}
9/01/2021;;22:07:09;90;confidence:1}
9/01/2021;;22:07:14;83;confidence:1}
9/01/2021;;22:07:19;97;confidence:1}
9/01/2021;;22:07:24;94;confidence:1}
9/01/2021;;22:07:29;105;confidence:1}
9/01/2021;;22:07:34;104;confidence:1}
9/01/2021;;22:07:39;101;confidence:1}
9/01/2021;;22:07:44;105;confidence:1}
9/01/2021;;22:07:49;100;confidence:1}
9/01/2021;;22:07:54;91;confidence:1}
